Type,Localisation,Price,Area,Rooms,Bedrooms,Bathrooms,Floor,Other_tags,Price_m2,Current_state,Age
Appartements,Anfa,1230000,86.0,3.0,2.0,2.0,1.0,"['Bon état', '10-20 ans']",14302.32558139535,Bon état,10-20 ans
Appartements,La Gironde,900000,86.0,3.0,2.0,1.0,5.0,"['Bon état', '10-20 ans']",10465.116279069767,Bon état,10-20 ans
Appartements,Bourgogne Ouest,2400000,180.0,5.0,3.0,3.0,3.0,"['Bon état', '10-20 ans']",13333.333333333334,Bon état,10-20 ans
Appartements,Les princesses,1550000,120.0,5.0,3.0,2.0,5.0,"['Bon état', '5-10 ans']",12916.666666666666,Bon état,5-10 ans
Appartements,Bourgogne Ouest,1450000,113.0,4.0,3.0,2.0,1.0,"['Bon état', '10-20 ans']",12831.858407079646,Bon état,10-20 ans
Appartements,Triangle d'Or,4800000,245.0,4.0,3.0,3.0,3.0,"['Bon état', '10-20 ans']",19591.83673469388,Bon état,10-20 ans
Villas,Californie,7500000,400.0,8.0,5.0,4.0,0.0,['Bon état'],18750.0,Bon état,
Appartements,Maârif,1750000,113.0,3.0,2.0,2.0,4.0,"['Nouveau', '1-5 ans']",15486.725663716814,Nouveau,1-5 ans
Appartements,Bourgogne Ouest,2590000,100.0,3.0,2.0,3.0,6.0,"['Nouveau', ""Moins d'un an""]",25900.0,Nouveau,Moins d'un an
Appartements,Triangle d'Or,3300000,121.0,3.0,1.0,2.0,10.0,"['Nouveau', ""Moins d'un an""]",27272.727272727272,Nouveau,Moins d'un an
Appartements,Racine,1300000,48.0,2.0,1.0,1.0,2.0,"['Nouveau', '1-5 ans']",27083.33333333333,Nouveau,1-5 ans
Appartements,Gauthier,2900000,230.0,4.0,3.0,3.0,7.0,"['Bon état', '10-20 ans']",12608.695652173914,Bon état,10-20 ans
Appartements,La Gironde,1290000,105.0,7.0,2.0,2.0,1.0,"['Bon état', '5-10 ans']",12285.714285714286,Bon état,5-10 ans
Appartements,Val Fleury,2219000,124.0,8.0,3.0,3.0,3.0,"['Nouveau', ""Moins d'un an""]",17895.16129032258,Nouveau,Moins d'un an
Appartements,Anfa,2408000,165.0,6.0,4.0,2.0,9.0,['Bon état'],14593.939393939394,Bon état,
Appartements,Val Fleury,2500000,137.0,4.0,3.0,3.0,2.0,"['Nouveau', ""Moins d'un an""]",18248.17518248175,Nouveau,Moins d'un an
Appartements,Gauthier,1870000,107.0,4.0,3.0,2.0,6.0,['Nouveau'],17476.635514018693,Nouveau,
Appartements,Maârif,860000,51.0,2.0,1.0,1.0,2.0,"['Nouveau', '1-5 ans']",16862.745098039217,Nouveau,1-5 ans
Appartements,Gauthier,2300000,88.0,3.0,2.0,2.0,3.0,"['Nouveau', ""Moins d'un an""]",26136.36363636364,Nouveau,Moins d'un an
Villas,Anfa,11900000,625.0,6.0,5.0,6.0,0.0,"['À rénover', '30-50 ans']",19040.0,À rénover,30-50 ans
Villas,Anfa,27000000,1000.0,6.0,6.0,7.0,0.0,"['À rénover', '30-50 ans']",27000.0,À rénover,30-50 ans
Villas,Sidi Maarouf,5500000,400.0,7.0,5.0,4.0,0.0,['Bon état'],13750.0,Bon état,
Appartements,Ain Diab,4500000,238.0,4.0,3.0,4.0,3.0,"['Nouveau', ""Moins d'un an""]",18907.563025210085,Nouveau,Moins d'un an
Appartements,Racine,2800000,107.0,4.0,3.0,4.0,5.0,"['Nouveau', ""Moins d'un an""]",26168.22429906542,Nouveau,Moins d'un an
Villas,Californie,45000000,4037.0,12.0,6.0,7.0,0.0,"['Bon état', '10-20 ans']",11146.891255883082,Bon état,10-20 ans
Appartements,Gauthier,4200000,244.0,4.0,3.0,4.0,6.0,"['Nouveau', '5-10 ans']",17213.114754098362,Nouveau,5-10 ans
Appartements,Gauthier,4900000,446.0,6.0,5.0,4.0,6.0,"['Bon état', '1-5 ans']",10986.547085201792,Bon état,1-5 ans
Appartements,Gauthier,3400000,229.0,4.0,3.0,3.0,1.0,"['Bon état', '5-10 ans']",14847.161572052402,Bon état,5-10 ans
Appartements,Gauthier,4200000,200.0,4.0,3.0,3.0,1.0,"['Nouveau', '1-5 ans']",21000.0,Nouveau,1-5 ans
Appartements,Casablanca Finance City,2090000,99.0,3.0,2.0,2.0,3.0,"['Nouveau', '1-5 ans']",21111.11111111111,Nouveau,1-5 ans
Appartements,Racine,3500000,183.0,5.0,3.0,2.0,4.0,['Bon état'],19125.683060109288,Bon état,
Appartements,Palmier,3800000,258.0,7.0,4.0,3.0,4.0,"['Bon état', '5-10 ans']",14728.682170542636,Bon état,5-10 ans
Appartements,Oasis,1239000,59.0,3.0,2.0,1.0,1.0,['Nouveau'],21000.0,Nouveau,
Appartements,Oasis,1176000,56.0,2.0,1.0,1.0,1.0,['Nouveau'],21000.0,Nouveau,
Appartements,La Gironde,1035000,90.0,4.0,3.0,2.0,5.0,['Nouveau'],11500.0,Nouveau,
Villas,CIL (Hay Salam),10400000,400.0,3.0,5.0,3.0,0.0,"['À rénover', '20-30 ans']",26000.0,À rénover,20-30 ans
Villas,Sidi Maarouf,3900000,330.0,6.0,5.0,4.0,0.0,['Bon état'],11818.181818181818,Bon état,
Appartements,Les princesses,1570000,105.0,3.0,2.0,2.0,1.0,"['Bon état', '5-10 ans']",14952.380952380952,Bon état,5-10 ans
Villas,Californie,16000000,1076.0,6.0,5.0,6.0,0.0,"['Bon état', '10-20 ans']",14869.888475836431,Bon état,10-20 ans
Appartements,Maârif,1000000,66.0,3.0,2.0,1.0,2.0,['Nouveau'],15151.515151515152,Nouveau,
Appartements,Californie,1688960,104.0,3.0,2.0,2.0,1.0,['Nouveau'],16240.0,Nouveau,
Appartements,Californie,1771840,113.0,4.0,3.0,2.0,3.0,['Nouveau'],15680.0,Nouveau,
Appartements,Californie,1624000,100.0,4.0,3.0,2.0,4.0,[],16240.0,,
Appartements,Bourgogne Ouest,1200000,51.0,2.0,1.0,1.0,3.0,"['Nouveau', ""Moins d'un an""]",23529.41176470588,Nouveau,Moins d'un an
Appartements,Maârif,850000,40.0,2.0,1.0,1.0,3.0,"['Nouveau', ""Moins d'un an""]",21250.0,Nouveau,Moins d'un an
Appartements,Maârif,2020750,100.0,4.0,2.0,2.0,3.0,['Nouveau'],20207.5,Nouveau,
Appartements,Californie,1642500,91.0,4.0,3.0,2.0,4.0,['Nouveau'],18049.45054945055,Nouveau,
Appartements,Casablanca Finance City,1789000,96.0,3.0,2.0,2.0,1.0,['Nouveau'],18635.416666666668,Nouveau,
Appartements,Anfa,1050000,63.0,3.0,2.0,2.0,1.0,"['Nouveau', ""Moins d'un an""]",16666.666666666668,Nouveau,Moins d'un an
Appartements,Racine,1950000,99.0,4.0,2.0,2.0,4.0,"['Bon état', '10-20 ans']",19696.969696969696,Bon état,10-20 ans
Appartements,Maârif,3500000,243.0,4.0,3.0,3.0,5.0,"['Bon état', '20-30 ans']",14403.29218106996,Bon état,20-30 ans
Villas,Ain Diab,27000000,1180.0,7.0,4.0,6.0,0.0,"['Nouveau', '1-5 ans']",22881.35593220339,Nouveau,1-5 ans
Appartements,Maârif Extension,1200000,95.0,3.0,2.0,2.0,7.0,"['Bon état', '10-20 ans']",12631.578947368422,Bon état,10-20 ans
Villas,Ain Diab Extension,7300000,395.0,7.0,4.0,3.0,0.0,"['Nouveau', '5-10 ans']",18481.01265822785,Nouveau,5-10 ans
Villas,Californie,7900000,450.0,4.0,3.0,3.0,0.0,"['Bon état', '5-10 ans']",17555.555555555555,Bon état,5-10 ans
Appartements,Mers Sultan,910000,91.0,4.0,3.0,2.0,7.0,"['Bon état', '10-20 ans']",10000.0,Bon état,10-20 ans
Appartements,Californie,1602050,96.0,4.0,3.0,3.0,1.0,['Nouveau'],16688.020833333332,Nouveau,
Appartements,Californie,1691200,100.0,4.0,3.0,2.0,3.0,['Nouveau'],16912.0,Nouveau,
Appartements,Californie,1547620,94.0,4.0,3.0,2.0,4.0,['Nouveau'],16464.042553191488,Nouveau,
Appartements,Oasis,1386000,63.0,3.0,2.0,1.0,3.0,['Nouveau'],22000.0,Nouveau,
Appartements,Oasis,1298000,59.0,2.0,1.0,1.0,3.0,['Nouveau'],22000.0,Nouveau,
Appartements,Racine,1850000,82.0,3.0,2.0,2.0,3.0,"['Bon état', '10-20 ans']",22560.975609756097,Bon état,10-20 ans
Appartements,Les princesses,3200000,200.0,6.0,3.0,3.0,5.0,"['Bon état', '5-10 ans']",16000.0,Bon état,5-10 ans
Appartements,Racine,1800000,82.0,5.0,2.0,1.0,2.0,"['Bon état', '5-10 ans']",21951.219512195123,Bon état,5-10 ans
Appartements,Oasis,2701000,151.0,4.0,3.0,2.0,1.0,['Nouveau'],17887.417218543047,Nouveau,
Appartements,Californie,1539000,114.0,3.0,2.0,2.0,3.0,['Nouveau'],13500.0,Nouveau,
Appartements,Racine,4300000,182.0,6.0,3.0,2.0,5.0,"['Bon état', '10-20 ans']",23626.373626373625,Bon état,10-20 ans
Villas,CIL (Hay Salam),10900000,565.0,5.0,4.0,3.0,0.0,['Bon état'],19292.035398230088,Bon état,
Villas,Sidi Maarouf,4800000,250.0,5.0,3.0,3.0,0.0,['Bon état'],19200.0,Bon état,
Appartements,Gauthier,3328000,228.0,3.0,3.0,3.0,3.0,"['Bon état', '20-30 ans']",14596.491228070176,Bon état,20-30 ans
Villas,Californie,5500000,256.0,6.0,4.0,4.0,0.0,['Bon état'],21484.375,Bon état,
Appartements,Bourgogne Ouest,2150000,131.0,4.0,3.0,2.0,4.0,"['Bon état', '10-20 ans']",16412.213740458013,Bon état,10-20 ans
Villas,Ain Diab Extension,13000000,608.0,6.0,5.0,6.0,0.0,"['Bon état', '5-10 ans']",21381.57894736842,Bon état,5-10 ans
Villas,Longchamps (Hay Al Hanâa),10500000,600.0,6.0,6.0,6.0,0.0,"['Bon état', '10-20 ans']",17500.0,Bon état,10-20 ans
Villas,Californie,17000000,780.0,10.0,7.0,8.0,0.0,"['Bon état', '10-20 ans']",21794.871794871797,Bon état,10-20 ans
Appartements,CIL (Hay Salam),2400000,175.0,5.0,4.0,2.0,5.0,"['Bon état', '5-10 ans']",13714.285714285714,Bon état,5-10 ans
Villas,Ain Diab,18525000,1235.0,10.0,7.0,8.0,0.0,"['À rénover', '30-50 ans']",15000.0,À rénover,30-50 ans
Villas,Les princesses,14000000,1068.0,8.0,5.0,6.0,0.0,"['À rénover', '30-50 ans']",13108.614232209738,À rénover,30-50 ans
Appartements,Casablanca Finance City,2350000,116.0,3.0,2.0,2.0,1.0,"['Nouveau', '1-5 ans']",20258.62068965517,Nouveau,1-5 ans
Villas,Longchamps (Hay Al Hanâa),11700000,470.0,3.0,5.0,4.0,0.0,"['Bon état', '10-20 ans']",24893.6170212766,Bon état,10-20 ans
Appartements,Bourgogne Ouest,2500000,131.0,2.0,3.0,2.0,3.0,"['Bon état', '5-10 ans']",19083.969465648854,Bon état,5-10 ans
Villas,Californie,7500000,434.0,4.0,4.0,4.0,0.0,"['Bon état', '10-20 ans']",17281.10599078341,Bon état,10-20 ans
Villas,Ain Diab Extension,7500000,395.0,9.0,5.0,2.0,0.0,"['Bon état', '10-20 ans']",18987.3417721519,Bon état,10-20 ans
Villas,Sidi Maarouf,6800000,450.0,7.0,4.0,4.0,0.0,"['Nouveau', '1-5 ans']",15111.111111111111,Nouveau,1-5 ans
Villas,Californie,16000000,1000.0,5.0,4.0,3.0,0.0,['Bon état'],16000.0,Bon état,
Villas,Californie,35000000,2500.0,4.0,4.0,4.0,0.0,"['Bon état', '5-10 ans']",14000.0,Bon état,5-10 ans
Appartements,Racine,2800000,126.0,4.0,3.0,2.0,2.0,['Bon état'],22222.222222222223,Bon état,
Villas,Ain Diab Extension,18000000,1426.0,10.0,6.0,6.0,0.0,"['Bon état', '5-10 ans']",12622.720897615707,Bon état,5-10 ans
Villas,Californie,14000000,724.0,10.0,6.0,7.0,0.0,"['Bon état', '10-20 ans']",19337.01657458564,Bon état,10-20 ans
Appartements,Maârif Extension,1750000,114.0,3.0,2.0,2.0,4.0,"['Bon état', '10-20 ans']",15350.877192982456,Bon état,10-20 ans
Villas,Ain Diab Extension,8300000,478.0,8.0,5.0,5.0,0.0,"['Bon état', '5-10 ans']",17364.016736401674,Bon état,5-10 ans
Appartements,Palmier,1900000,122.0,4.0,3.0,2.0,5.0,"['Bon état', '5-10 ans']",15573.77049180328,Bon état,5-10 ans
Appartements,Racine,3600000,183.0,5.0,4.0,4.0,4.0,"['Bon état', '10-20 ans']",19672.131147540986,Bon état,10-20 ans
Appartements,Bourgogne Ouest,590000,83.0,2.0,1.0,1.0,4.0,"['Bon état', '20-30 ans']",7108.433734939759,Bon état,20-30 ans
Appartements,Gauthier,2500000,176.0,4.0,3.0,2.0,3.0,['Nouveau'],14204.545454545454,Nouveau,
Appartements,Oulfa,861000,82.0,3.0,2.0,2.0,3.0,['Nouveau'],10500.0,Nouveau,
Appartements,Oulfa,600000,75.0,3.0,2.0,2.0,2.0,"['Nouveau', ""Moins d'un an""]",8000.0,Nouveau,Moins d'un an
Appartements,Les princesses,2400000,158.0,4.0,3.0,3.0,4.0,"['Bon état', '10-20 ans']",15189.87341772152,Bon état,10-20 ans
Appartements,Racine,6000000,266.0,7.0,4.0,4.0,3.0,"['Nouveau', ""Moins d'un an""]",22556.39097744361,Nouveau,Moins d'un an
Appartements,Les princesses,2000000,138.0,4.0,3.0,2.0,4.0,"['Bon état', '10-20 ans']",14492.753623188406,Bon état,10-20 ans
Appartements,Les Hôpitaux,2400000,151.0,5.0,3.0,2.0,5.0,"['Nouveau', '1-5 ans']",15894.039735099335,Nouveau,1-5 ans
Appartements,Triangle d'Or,4800000,264.0,6.0,3.0,3.0,1.0,"['Nouveau', '1-5 ans']",18181.81818181818,Nouveau,1-5 ans
Villas,Oasis,11600000,1058.0,12.0,6.0,4.0,0.0,"['Bon état', '10-20 ans']",10964.083175803402,Bon état,10-20 ans
Appartements,Racine,2500000,165.0,4.0,3.0,2.0,3.0,['Bon état'],15151.515151515152,Bon état,
Appartements,Bourgogne Ouest,2450000,120.0,3.0,2.0,1.0,3.0,['Nouveau'],20416.666666666668,Nouveau,
Appartements,Gauthier,1737300,98.0,3.0,2.0,2.0,6.0,"['Bon état', '10-20 ans']",17727.551020408162,Bon état,10-20 ans
Appartements,La Gironde,1100000,96.0,4.0,2.0,2.0,2.0,"['Bon état', '10-20 ans']",11458.333333333334,Bon état,10-20 ans
Appartements,Aïn Sebaâ,320000,50.0,3.0,2.0,1.0,2.0,['Bon état'],6400.0,Bon état,
Villas,Californie,12000000,1105.0,8.0,4.0,4.0,0.0,"['Bon état', '10-20 ans']",10859.72850678733,Bon état,10-20 ans
Appartements,Maârif Extension,1200000,83.0,3.0,2.0,2.0,2.0,"['Nouveau', ""Moins d'un an""]",14457.831325301206,Nouveau,Moins d'un an
Appartements,Les Hôpitaux,2012500,129.0,3.0,3.0,2.0,5.0,"['Nouveau', ""Moins d'un an""]",15600.77519379845,Nouveau,Moins d'un an
Villas,Polo,13500000,1434.0,8.0,6.0,4.0,0.0,"['Bon état', '10-20 ans']",9414.225941422594,Bon état,10-20 ans
Appartements,Oasis,2850000,195.0,4.0,3.0,3.0,1.0,"['Bon état', '1-5 ans']",14615.384615384615,Bon état,1-5 ans
Villas,CIL (Hay Salam),5990000,361.0,7.0,3.0,3.0,0.0,"['Bon état', '5-10 ans']",16592.797783933518,Bon état,5-10 ans
Appartements,Racine,6000000,250.0,6.0,3.0,3.0,5.0,['Nouveau'],24000.0,Nouveau,
Villas,CIL (Hay Salam),16520000,944.0,9.0,7.0,6.0,0.0,['Bon état'],17500.0,Bon état,
Appartements,Gauthier,2450000,167.0,3.0,2.0,3.0,2.0,"['Bon état', '5-10 ans']",14670.65868263473,Bon état,5-10 ans
Villas,Californie,44800000,5000.0,12.0,7.0,6.0,0.0,"['À rénover', '20-30 ans']",8960.0,À rénover,20-30 ans
Appartements,Gauthier,3500000,210.0,4.0,3.0,2.0,1.0,"['Bon état', '5-10 ans']",16666.666666666668,Bon état,5-10 ans
Appartements,Gauthier,3800000,347.0,4.0,3.0,3.0,6.0,"['Bon état', '5-10 ans']",10951.008645533142,Bon état,5-10 ans
Appartements,Maârif Extension,1000000,124.0,3.0,2.0,2.0,4.0,"['Bon état', '20-30 ans']",8064.516129032258,Bon état,20-30 ans
Appartements,Les Hôpitaux,2900000,214.0,12.0,3.0,2.0,2.0,['Nouveau'],13551.40186915888,Nouveau,
Appartements,Palmier,3500000,262.0,4.0,3.0,3.0,6.0,"['Bon état', '5-10 ans']",13358.7786259542,Bon état,5-10 ans
Appartements,Gauthier,3300000,198.0,6.0,4.0,3.0,6.0,"['Nouveau', '5-10 ans']",16666.666666666668,Nouveau,5-10 ans
Villas,Ain Diab,8300000,477.0,2.0,1.0,2.0,0.0,['Bon état'],17400.41928721174,Bon état,
Appartements,Bourgogne Ouest,1007000,53.0,2.0,1.0,1.0,5.0,['Nouveau'],19000.0,Nouveau,
Villas,Californie,60000000,5400.0,3.0,5.0,5.0,0.0,['Bon état'],11111.111111111111,Bon état,
Villas,Ain Diab Extension,17000000,1430.0,4.0,4.0,4.0,0.0,['Bon état'],11888.111888111887,Bon état,
Villas,CIL (Hay Salam),8500000,492.0,9.0,5.0,4.0,0.0,"['À rénover', '20-30 ans']",17276.422764227642,À rénover,20-30 ans
Appartements,Maârif Extension,2450000,140.0,4.0,3.0,2.0,5.0,"['Bon état', '10-20 ans']",17500.0,Bon état,10-20 ans
Appartements,Californie,1927400,127.0,4.0,3.0,2.0,3.0,[],15176.377952755904,,
Appartements,Californie,1613100,106.0,4.0,3.0,2.0,1.0,[],15217.924528301886,,
Appartements,Californie,2021750,130.0,4.0,3.0,2.0,2.0,[],15551.923076923076,,
Appartements,Maârif,2839750,142.0,4.0,3.0,2.0,5.0,['Nouveau'],19998.23943661972,Nouveau,
Appartements,La Gironde,1119000,117.0,8.0,3.0,2.0,1.0,"['Bon état', '5-10 ans']",9564.102564102564,Bon état,5-10 ans
Appartements,Les Hôpitaux,2000000,150.0,5.0,3.0,2.0,1.0,['Bon état'],13333.333333333334,Bon état,
Appartements,Racine,3850000,210.0,4.0,3.0,2.0,3.0,['Bon état'],18333.33333333333,Bon état,
Appartements,Bourgogne Ouest,1300000,52.0,2.0,1.0,1.0,5.0,"['Nouveau', ""Moins d'un an""]",25000.0,Nouveau,Moins d'un an
Appartements,Gauthier,1750000,98.0,2.0,1.0,1.0,3.0,"['Bon état', '1-5 ans']",17857.14285714286,Bon état,1-5 ans
Appartements,Californie,1630720,104.0,3.0,2.0,2.0,4.0,['Nouveau'],15680.0,Nouveau,
Villas,Anfa Supérieur,25000000,1000.0,7.0,4.0,3.0,0.0,['Bon état'],25000.0,Bon état,
Villas,Ain Diab,13500000,767.0,7.0,4.0,3.0,0.0,['Bon état'],17601.04302477184,Bon état,
Appartements,Bourgogne Ouest,1200000,95.0,3.0,2.0,1.0,7.0,"['Bon état', '10-20 ans']",12631.578947368422,Bon état,10-20 ans
Villas,Ain Diab,7100000,382.0,6.0,4.0,4.0,0.0,"['Bon état', '20-30 ans']",18586.38743455497,Bon état,20-30 ans
Appartements,Triangle d'Or,4200000,299.0,4.0,3.0,3.0,1.0,"['Nouveau', '5-10 ans']",14046.822742474917,Nouveau,5-10 ans
Appartements,Maârif Extension,1868000,101.0,3.0,2.0,1.0,5.0,[],18495.049504950493,,
Appartements,Maârif Extension,1076000,57.0,2.0,1.0,1.0,5.0,[],18877.19298245614,,
Appartements,Maârif Extension,1382000,74.0,3.0,2.0,1.0,4.0,[],18675.67567567568,,
Appartements,Maârif Extension,896000,47.0,2.0,1.0,1.0,1.0,[],19063.82978723404,,
Villas,Californie,8700000,648.0,8.0,4.0,4.0,0.0,"['Nouveau', '5-10 ans']",13425.925925925923,Nouveau,5-10 ans
Villas,Longchamps (Hay Al Hanâa),14000000,975.0,7.0,4.0,3.0,0.0,"['Bon état', '10-20 ans']",14358.97435897436,Bon état,10-20 ans
Appartements,Aïn Sebaâ,797865,71.0,3.0,2.0,2.0,2.0,['Nouveau'],11237.535211267606,Nouveau,
Appartements,Aïn Sebaâ,891080,76.0,3.0,2.0,2.0,3.0,['Nouveau'],11724.736842105263,Nouveau,
Appartements,Aïn Sebaâ,970905,87.0,4.0,3.0,2.0,1.0,['Nouveau'],11159.827586206897,Nouveau,
Appartements,Gauthier,1250000,45.0,2.0,1.0,1.0,3.0,['Bon état'],27777.777777777777,Bon état,
Appartements,Oasis,1370000,62.0,2.0,1.0,1.0,3.0,"['Nouveau', ""Moins d'un an""]",22096.774193548383,Nouveau,Moins d'un an
Villas,Californie,14000000,1001.0,7.0,5.0,5.0,0.0,['Bon état'],13986.013986013986,Bon état,
Appartements,Les princesses,1760800,89.0,3.0,2.0,2.0,2.0,"['Nouveau', ""Moins d'un an""]",19784.26966292135,Nouveau,Moins d'un an
Appartements,Maârif Extension,1550000,89.0,3.0,2.0,2.0,3.0,"['Bon état', '1-5 ans']",17415.73033707865,Bon état,1-5 ans
Appartements,Racine,2000000,111.0,4.0,3.0,2.0,4.0,"['Bon état', '10-20 ans']",18018.018018018018,Bon état,10-20 ans
Appartements,Mers Sultan,1650000,115.0,4.0,3.0,1.0,3.0,"['Bon état', '10-20 ans']",14347.826086956522,Bon état,10-20 ans
Appartements,Gauthier,3300000,155.0,4.0,3.0,2.0,7.0,"['Bon état', '5-10 ans']",21290.322580645163,Bon état,5-10 ans
Appartements,Palmier,3400000,265.0,4.0,3.0,2.0,6.0,"['Bon état', '10-20 ans']",12830.188679245282,Bon état,10-20 ans
Villas,Californie,15000000,1065.0,8.0,4.0,4.0,0.0,"['Nouveau', '1-5 ans']",14084.50704225352,Nouveau,1-5 ans
Villas,Californie,8500000,605.0,9.0,4.0,3.0,0.0,"['Nouveau', '5-10 ans']",14049.586776859504,Nouveau,5-10 ans
Villas,Californie,9000000,728.0,9.0,4.0,3.0,0.0,"['Nouveau', '5-10 ans']",12362.637362637362,Nouveau,5-10 ans
Villas,Californie,15000000,1100.0,8.0,4.0,3.0,0.0,"['Nouveau', '1-5 ans']",13636.363636363636,Nouveau,1-5 ans
Villas,Ain Diab,4700000,380.0,8.0,4.0,3.0,0.0,"['À rénover', '20-30 ans']",12368.421052631578,À rénover,20-30 ans
Villas,Ain Diab,6800000,425.0,9.0,4.0,3.0,0.0,"['Bon état', '5-10 ans']",16000.0,Bon état,5-10 ans
Villas,Anfa,11700000,890.0,9.0,4.0,3.0,0.0,"['À rénover', '10-20 ans']",13146.067415730337,À rénover,10-20 ans
Villas,Ain Diab,9500000,518.0,6.0,4.0,3.0,0.0,"['Bon état', '5-10 ans']",18339.76833976834,Bon état,5-10 ans
Villas,Longchamps (Hay Al Hanâa),17000000,1400.0,10.0,4.0,3.0,0.0,"['Bon état', '10-20 ans']",12142.857142857143,Bon état,10-20 ans
Villas,Longchamps (Hay Al Hanâa),10000000,618.0,9.0,5.0,3.0,0.0,"['À rénover', '10-20 ans']",16181.229773462785,À rénover,10-20 ans
Villas,Ain Diab,6500000,370.0,7.0,4.0,3.0,0.0,"['Bon état', '5-10 ans']",17567.567567567567,Bon état,5-10 ans
Villas,Ain Diab,7000000,450.0,7.0,4.0,3.0,0.0,"['Nouveau', '5-10 ans']",15555.555555555557,Nouveau,5-10 ans
Villas,Anfa,12000000,619.0,8.0,4.0,3.0,0.0,"['À rénover', '10-20 ans']",19386.10662358643,À rénover,10-20 ans
Villas,Anfa,10000000,590.0,8.0,4.0,3.0,0.0,"['À rénover', '10-20 ans']",16949.15254237288,À rénover,10-20 ans
Villas,Anfa,12000000,725.0,8.0,4.0,3.0,0.0,"['Bon état', '10-20 ans']",16551.724137931036,Bon état,10-20 ans
Appartements,Maârif,950000,55.0,2.0,1.0,1.0,3.0,['Bon état'],17272.727272727272,Bon état,
Appartements,Oasis,1050000,46.0,2.0,1.0,1.0,3.0,"['Nouveau', ""Moins d'un an""]",22826.08695652174,Nouveau,Moins d'un an
Appartements,Val Fleury,2450000,170.0,4.0,3.0,2.0,5.0,"['Bon état', '5-10 ans']",14411.764705882351,Bon état,5-10 ans
Appartements,Racine,4100000,229.0,4.0,3.0,3.0,2.0,"['Nouveau', '5-10 ans']",17903.930131004367,Nouveau,5-10 ans
Appartements,Racine,2800000,161.0,3.0,2.0,3.0,7.0,"['Nouveau', '5-10 ans']",17391.304347826088,Nouveau,5-10 ans
Villas,Ain Diab Extension,13000000,574.0,8.0,4.0,5.0,0.0,"['Bon état', '5-10 ans']",22648.08362369338,Bon état,5-10 ans
Appartements,Les princesses,1950000,146.0,4.0,3.0,2.0,4.0,"['Bon état', '5-10 ans']",13356.164383561643,Bon état,5-10 ans
Villas,CIL (Hay Salam),9000000,641.0,7.0,4.0,2.0,0.0,"['À rénover', '10-20 ans']",14040.561622464898,À rénover,10-20 ans
Villas,Ain Diab,6500000,360.0,8.0,4.0,2.0,0.0,"['Nouveau', '1-5 ans']",18055.555555555555,Nouveau,1-5 ans
Villas,Longchamps (Hay Al Hanâa),26000000,1975.0,8.0,4.0,2.0,0.0,"['À rénover', '10-20 ans']",13164.556962025315,À rénover,10-20 ans
Villas,Californie,7000000,411.0,9.0,4.0,3.0,0.0,"['Nouveau', '5-10 ans']",17031.6301703163,Nouveau,5-10 ans
Villas,Californie,8000000,550.0,9.0,4.0,4.0,0.0,"['Nouveau', '5-10 ans']",14545.454545454546,Nouveau,5-10 ans
Villas,Anfa,13000000,670.0,8.0,3.0,2.0,0.0,"['Bon état', '10-20 ans']",19402.985074626864,Bon état,10-20 ans
Villas,Anfa Supérieur,40000000,2175.0,6.0,3.0,2.0,0.0,"['À rénover', '10-20 ans']",18390.80459770115,À rénover,10-20 ans
Villas,Anfa Supérieur,45000000,2375.0,8.0,3.0,3.0,0.0,"['Bon état', '10-20 ans']",18947.36842105263,Bon état,10-20 ans
Appartements,Les Hôpitaux,3100000,309.0,6.0,4.0,3.0,5.0,"['Bon état', '10-20 ans']",10032.362459546926,Bon état,10-20 ans
Appartements,Oulfa,620000,77.0,3.0,2.0,2.0,1.0,"['Nouveau', ""Moins d'un an""]",8051.948051948052,Nouveau,Moins d'un an
Appartements,Mers Sultan,1750000,137.0,5.0,3.0,2.0,4.0,"['Bon état', '10-20 ans']",12773.722627737228,Bon état,10-20 ans
Appartements,Casablanca Finance City,1900000,83.0,3.0,2.0,2.0,3.0,"['Nouveau', '1-5 ans']",22891.566265060243,Nouveau,1-5 ans
Appartements,Gauthier,1700000,98.0,2.0,1.0,1.0,3.0,"['Bon état', '5-10 ans']",17346.938775510203,Bon état,5-10 ans
Appartements,Oasis,1420000,88.0,2.0,1.0,1.0,1.0,"['Nouveau', ""Moins d'un an""]",16136.363636363636,Nouveau,Moins d'un an
Appartements,Les Hôpitaux,1500000,118.0,4.0,2.0,2.0,4.0,"['Bon état', '20-30 ans']",12711.86440677966,Bon état,20-30 ans
Appartements,Racine,3640000,140.0,6.0,3.0,3.0,5.0,"['Bon état', ""Moins d'un an""]",26000.0,Bon état,Moins d'un an
Appartements,Val Fleury,1900000,138.0,4.0,3.0,2.0,2.0,"['Bon état', '10-20 ans']",13768.115942028986,Bon état,10-20 ans
Villas,Oulfa,3200000,231.0,4.0,4.0,3.0,0.0,['Bon état'],13852.813852813852,Bon état,
Appartements,Maârif Extension,1950000,117.0,5.0,3.0,2.0,1.0,['Bon état'],16666.666666666668,Bon état,
Appartements,Gauthier,1490000,44.0,2.0,1.0,2.0,5.0,['Nouveau'],33863.63636363636,Nouveau,
Appartements,Racine,4500000,211.0,4.0,3.0,3.0,7.0,"['Bon état', '5-10 ans']",21327.01421800948,Bon état,5-10 ans
Appartements,Les Hôpitaux,2750000,186.0,6.0,3.0,2.0,4.0,"['Bon état', '5-10 ans']",14784.94623655914,Bon état,5-10 ans
Appartements,Les Hôpitaux,1700000,120.0,4.0,2.0,2.0,3.0,"['Nouveau', '5-10 ans']",14166.666666666666,Nouveau,5-10 ans
Appartements,Bourgogne Ouest,1850000,159.0,4.0,3.0,2.0,5.0,"['Bon état', '10-20 ans']",11635.220125786163,Bon état,10-20 ans
Appartements,Les princesses,1470000,85.0,2.0,1.0,1.0,1.0,['Nouveau'],17294.117647058825,Nouveau,
Appartements,Les princesses,1350000,66.0,2.0,1.0,1.0,1.0,['Nouveau'],20454.545454545456,Nouveau,
Appartements,Les princesses,1300000,68.0,2.0,1.0,1.0,1.0,['Nouveau'],19117.647058823528,Nouveau,
Appartements,Les princesses,2270000,181.0,4.0,3.0,3.0,5.0,"['Nouveau', ""Moins d'un an""]",12541.436464088398,Nouveau,Moins d'un an
Appartements,Racine,2450000,149.0,5.0,3.0,3.0,5.0,"['Bon état', '5-10 ans']",16442.953020134228,Bon état,5-10 ans
Appartements,Gauthier,5600000,244.0,4.0,3.0,3.0,12.0,"['Nouveau', '1-5 ans']",22950.819672131147,Nouveau,1-5 ans
Appartements,Racine,3000000,234.0,6.0,4.0,3.0,2.0,"['Bon état', '1-5 ans']",12820.51282051282,Bon état,1-5 ans
Villas,Sidi Maarouf,4700000,258.0,12.0,6.0,3.0,0.0,"['Bon état', '5-10 ans']",18217.054263565893,Bon état,5-10 ans
Villas,Californie,7300000,450.0,6.0,4.0,3.0,0.0,"['Bon état', '5-10 ans']",16222.222222222224,Bon état,5-10 ans
Appartements,Californie,1991470,127.0,4.0,3.0,2.0,3.0,[],15680.866141732284,,
Appartements,Californie,1967880,128.0,4.0,3.0,2.0,1.0,[],15374.0625,,
Appartements,Californie,1941180,120.0,4.0,3.0,2.0,3.0,[],16176.5,,
Appartements,Mers Sultan,2550000,186.0,6.0,3.0,3.0,4.0,"['Nouveau', '5-10 ans']",13709.67741935484,Nouveau,5-10 ans
Villas,Californie,7000000,440.0,7.0,4.0,3.0,0.0,"['Bon état', '10-20 ans']",15909.09090909091,Bon état,10-20 ans
Villas,Californie,4900000,391.0,6.0,4.0,3.0,0.0,"['Nouveau', ""Moins d'un an""]",12531.969309462916,Nouveau,Moins d'un an
Villas,Sidi Maarouf,4200000,460.0,7.0,4.0,4.0,0.0,"['Bon état', '10-20 ans']",9130.434782608696,Bon état,10-20 ans
Appartements,Palmier,1480000,94.0,3.0,2.0,2.0,3.0,"['Nouveau', '1-5 ans']",15744.68085106383,Nouveau,1-5 ans
Villas,Longchamps (Hay Al Hanâa),16500000,485.0,7.0,5.0,2.0,0.0,"['Bon état', '5-10 ans']",34020.61855670103,Bon état,5-10 ans
Appartements,Hermitage,1152740,54.0,2.0,1.0,2.0,2.0,[],21347.03703703704,,
Appartements,Hermitage,973500,46.0,2.0,1.0,2.0,4.0,[],21163.043478260868,,
Appartements,Hermitage,1327560,60.0,2.0,1.0,2.0,1.0,[],22126.0,,
Appartements,Hermitage,1261100,59.0,2.0,1.0,2.0,1.0,[],21374.57627118644,,
Appartements,Maârif Extension,1550000,130.0,4.0,3.0,2.0,2.0,"['Bon état', '5-10 ans']",11923.076923076924,Bon état,5-10 ans
Appartements,La Gironde,1150000,95.0,3.0,2.0,2.0,2.0,"['Bon état', '5-10 ans']",12105.263157894737,Bon état,5-10 ans
Appartements,La Gironde,1800000,144.0,4.0,3.0,3.0,2.0,"['Bon état', '5-10 ans']",12500.0,Bon état,5-10 ans
Appartements,Californie,1818500,139.0,4.0,3.0,2.0,1.0,[],13082.73381294964,,
Appartements,Oasis,2450000,128.0,3.0,2.0,3.0,4.0,"['Nouveau', '1-5 ans']",19140.625,Nouveau,1-5 ans
Appartements,Gauthier,3275000,155.0,4.0,3.0,2.0,4.0,[],21129.032258064515,,
Appartements,Gauthier,3000000,256.0,7.0,4.0,3.0,1.0,"['Bon état', '10-20 ans']",11718.75,Bon état,10-20 ans
Appartements,Oasis,1850000,102.0,5.0,2.0,2.0,2.0,"['Nouveau', ""Moins d'un an""]",18137.254901960783,Nouveau,Moins d'un an
Appartements,Oasis,1550000,84.0,4.0,2.0,2.0,3.0,"['Bon état', '1-5 ans']",18452.380952380958,Bon état,1-5 ans
Appartements,Palmier,1912000,95.0,3.0,2.0,1.0,7.0,"['Nouveau', ""Moins d'un an""]",20126.315789473683,Nouveau,Moins d'un an
Appartements,Racine,3150000,173.0,5.0,3.0,2.0,1.0,['Bon état'],18208.09248554913,Bon état,
Appartements,Palmier,2600000,184.0,4.0,3.0,2.0,1.0,"['Bon état', '20-30 ans']",14130.434782608696,Bon état,20-30 ans
Appartements,Mers Sultan,1700000,112.0,4.0,2.0,2.0,3.0,"['Bon état', '10-20 ans']",15178.57142857143,Bon état,10-20 ans
Appartements,Maârif,2615500,133.0,4.0,3.0,2.0,4.0,['Nouveau'],19665.413533834588,Nouveau,
Appartements,Maârif,1473500,85.0,2.0,1.0,1.0,1.0,['Nouveau'],17335.29411764706,Nouveau,
Appartements,La Gironde,800000,64.0,3.0,2.0,2.0,4.0,['Nouveau'],12500.0,Nouveau,
Appartements,La Gironde,875000,70.0,3.0,2.0,2.0,5.0,['Nouveau'],12500.0,Nouveau,
Appartements,Gauthier,3150000,238.0,5.0,3.0,2.0,1.0,"['Bon état', '5-10 ans']",13235.29411764706,Bon état,5-10 ans
Appartements,Bourgogne Ouest,1600000,87.0,4.0,2.0,2.0,4.0,['Nouveau'],18390.80459770115,Nouveau,
Appartements,Aïn Sebaâ,451000,43.0,3.0,1.0,1.0,4.0,"['Nouveau', ""Moins d'un an""]",10488.372093023256,Nouveau,Moins d'un an
Appartements,Hermitage,1237650,57.0,2.0,1.0,2.0,1.0,['Nouveau'],21713.157894736843,Nouveau,
Appartements,Palmier,2420000,110.0,1.0,3.0,1.0,5.0,"['Nouveau', ""Moins d'un an""]",22000.0,Nouveau,Moins d'un an
Appartements,Californie,1838760,116.0,4.0,3.0,2.0,1.0,[],15851.379310344828,,
Appartements,Maârif Extension,1067500,55.0,2.0,1.0,1.0,5.0,['Nouveau'],19409.090909090908,Nouveau,
Appartements,Maârif Extension,1256000,67.0,2.0,1.0,1.0,4.0,['Nouveau'],18746.268656716416,Nouveau,
Appartements,Maârif Extension,986000,52.0,2.0,1.0,1.0,2.0,['Nouveau'],18961.53846153846,Nouveau,
Villas,Californie,8000000,413.0,10.0,5.0,5.0,0.0,['Bon état'],19370.46004842615,Bon état,
Villas,Californie,7800000,510.0,8.0,4.0,3.0,0.0,"['Bon état', '5-10 ans']",15294.117647058823,Bon état,5-10 ans
Appartements,Les Hôpitaux,1400000,105.0,3.0,2.0,2.0,4.0,"['À rénover', '10-20 ans']",13333.333333333334,À rénover,10-20 ans
Villas,Ain Diab,8000000,370.0,9.0,4.0,4.0,0.0,['Bon état'],21621.62162162162,Bon état,
Villas,Californie,11000000,860.0,6.0,4.0,4.0,0.0,['Bon état'],12790.697674418603,Bon état,
Villas,Sidi Maarouf,8400000,616.0,7.0,5.0,4.0,0.0,"['Bon état', '5-10 ans']",13636.363636363636,Bon état,5-10 ans
Appartements,Maârif Extension,1526000,82.0,3.0,2.0,1.0,2.0,['Nouveau'],18609.75609756097,Nouveau,
Appartements,Maârif Extension,1418000,76.0,3.0,2.0,1.0,2.0,['Nouveau'],18657.894736842107,Nouveau,
Appartements,Maârif Extension,1345000,74.0,3.0,2.0,1.0,1.0,['Nouveau'],18175.67567567568,Nouveau,
Appartements,Les Hôpitaux,3600000,245.0,6.0,4.0,2.0,2.0,"['Bon état', '1-5 ans']",14693.877551020409,Bon état,1-5 ans
Appartements,Maârif,2313250,115.0,4.0,3.0,2.0,4.0,['Nouveau'],20115.217391304348,Nouveau,
Appartements,Oulfa,608000,76.0,3.0,2.0,2.0,3.0,"['Nouveau', ""Moins d'un an""]",8000.0,Nouveau,Moins d'un an
Appartements,Oulfa,1092000,104.0,4.0,3.0,2.0,2.0,['Nouveau'],10500.0,Nouveau,
Appartements,Les princesses,1690000,95.0,4.0,2.0,1.0,5.0,"['Bon état', '10-20 ans']",17789.473684210527,Bon état,10-20 ans
Appartements,CIL (Hay Salam),3400000,201.0,5.0,3.0,2.0,5.0,['Bon état'],16915.422885572138,Bon état,
Appartements,Hermitage,968000,61.0,2.0,1.0,1.0,1.0,"['Nouveau', ""Moins d'un an""]",15868.852459016394,Nouveau,Moins d'un an
Villas,Polo,8100000,467.0,6.0,4.0,4.0,0.0,"['Nouveau', '5-10 ans']",17344.75374732334,Nouveau,5-10 ans
Villas,Californie,9800000,1055.0,8.0,4.0,4.0,0.0,"['Bon état', '5-10 ans']",9289.099526066351,Bon état,5-10 ans
Villas,Anfa Supérieur,20000000,1025.0,8.0,4.0,2.0,0.0,"['Nouveau', '5-10 ans']",19512.19512195122,Nouveau,5-10 ans
Villas,Californie,21000000,2611.0,9.0,6.0,5.0,0.0,"['Nouveau', '5-10 ans']",8042.8954423592495,Nouveau,5-10 ans
Villas,CIL (Hay Salam),12000000,583.0,8.0,4.0,3.0,0.0,"['Nouveau', '1-5 ans']",20583.190394511148,Nouveau,1-5 ans
Villas,Anfa Supérieur,12700000,465.0,8.0,4.0,4.0,0.0,"['À rénover', '10-20 ans']",27311.827956989247,À rénover,10-20 ans
Villas,Anfa Supérieur,16000000,961.0,9.0,4.0,4.0,0.0,"['À rénover', '10-20 ans']",16649.323621227886,À rénover,10-20 ans
Villas,Polo,7200000,350.0,9.0,6.0,4.0,0.0,"['Bon état', '10-20 ans']",20571.42857142857,Bon état,10-20 ans
Appartements,Palmier,2400000,152.0,4.0,3.0,2.0,3.0,"['Bon état', '10-20 ans']",15789.473684210529,Bon état,10-20 ans
Appartements,Les Hôpitaux,1800000,105.0,3.0,2.0,2.0,1.0,['Bon état'],17142.85714285714,Bon état,
Appartements,Maârif Extension,2500000,142.0,4.0,3.0,2.0,5.0,['Bon état'],17605.6338028169,Bon état,
Villas,Californie,30000000,2049.0,8.0,5.0,4.0,0.0,['Bon état'],14641.288433382138,Bon état,
Villas,Sidi Maarouf,6500000,331.0,3.0,4.0,5.0,0.0,['Bon état'],19637.462235649546,Bon état,
Appartements,Maârif Extension,2700000,167.0,4.0,3.0,2.0,7.0,['Bon état'],16167.664670658683,Bon état,
Villas,Californie,14000000,998.0,4.0,4.0,5.0,0.0,['Bon état'],14028.056112224447,Bon état,
Villas,Californie,13000000,1200.0,7.0,6.0,4.0,0.0,['À rénover'],10833.333333333334,À rénover,
Villas,CIL (Hay Salam),10500000,450.0,2.0,4.0,4.0,0.0,['Bon état'],23333.33333333333,Bon état,
Villas,Anfa,2500000,131.0,4.0,3.0,2.0,0.0,['Bon état'],19083.969465648854,Bon état,
Villas,Californie,14000000,1100.0,3.0,4.0,4.0,0.0,['Bon état'],12727.272727272728,Bon état,
Villas,Sidi Maarouf,5000000,250.0,3.0,6.0,5.0,0.0,['Bon état'],20000.0,Bon état,
Villas,Anfa,5400000,300.0,9.0,5.0,5.0,0.0,['Bon état'],18000.0,Bon état,
Villas,Anfa Supérieur,35000000,1620.0,8.0,4.0,4.0,0.0,['Bon état'],21604.938271604937,Bon état,
Appartements,Gauthier,4000000,189.0,5.0,3.0,2.0,2.0,['Bon état'],21164.021164021164,Bon état,
Villas,Anfa Supérieur,71400000,4200.0,3.0,5.0,5.0,0.0,['Bon état'],17000.0,Bon état,
Villas,Anfa,18000000,1000.0,8.0,4.0,4.0,0.0,['Bon état'],18000.0,Bon état,
Appartements,Bourgogne Ouest,1600000,94.0,3.0,2.0,2.0,5.0,"['Bon état', '5-10 ans']",17021.27659574468,Bon état,5-10 ans
Villas,Anfa Supérieur,48000000,2014.0,1.0,1.0,1.0,0.0,['Bon état'],23833.167825223434,Bon état,
Villas,Sidi Maarouf,4600000,250.0,6.0,6.0,4.0,0.0,"['Bon état', ""Moins d'un an""]",18400.0,Bon état,Moins d'un an
Appartements,Val Fleury,1900000,129.0,4.0,3.0,2.0,2.0,"['Bon état', '5-10 ans']",14728.682170542636,Bon état,5-10 ans
Appartements,Racine,1870000,84.0,3.0,2.0,2.0,3.0,"['Bon état', '5-10 ans']",22261.904761904763,Bon état,5-10 ans
Villas,Anfa Supérieur,45000000,1900.0,5.0,5.0,5.0,0.0,['Bon état'],23684.21052631579,Bon état,
Villas,Californie,14500000,1143.0,5.0,4.0,5.0,0.0,"['Bon état', '10-20 ans']",12685.91426071741,Bon état,10-20 ans
Villas,Hermitage,4500000,200.0,6.0,4.0,3.0,0.0,"['Bon état', '5-10 ans']",22500.0,Bon état,5-10 ans
Appartements,Racine,2750000,156.0,4.0,3.0,3.0,3.0,"['Bon état', '10-20 ans']",17628.20512820513,Bon état,10-20 ans
Appartements,Les princesses,2350000,146.0,4.0,3.0,3.0,2.0,"['Bon état', '10-20 ans']",16095.890410958904,Bon état,10-20 ans
Villas,Polo,6400000,803.0,6.0,4.0,3.0,0.0,"['À rénover', '30-50 ans']",7970.112079701121,À rénover,30-50 ans
Appartements,Gauthier,1540000,91.0,3.0,2.0,1.0,1.0,"['Bon état', '5-10 ans']",16923.076923076922,Bon état,5-10 ans
Appartements,Les princesses,1600000,100.0,3.0,2.0,2.0,1.0,"['Bon état', '1-5 ans']",16000.0,Bon état,1-5 ans
Appartements,Les Hôpitaux,1750000,130.0,5.0,3.0,2.0,5.0,"['Bon état', '10-20 ans']",13461.53846153846,Bon état,10-20 ans
Appartements,Californie,2980000,175.0,5.0,3.0,3.0,4.0,"['Bon état', '1-5 ans']",17028.571428571428,Bon état,1-5 ans
Villas,Californie,19000000,1000.0,5.0,4.0,5.0,0.0,"['Bon état', '1-5 ans']",19000.0,Bon état,1-5 ans
Appartements,Les princesses,2400000,140.0,5.0,3.0,3.0,5.0,"['Bon état', '10-20 ans']",17142.85714285714,Bon état,10-20 ans
Appartements,Les princesses,1090000,51.0,2.0,1.0,1.0,1.0,"['Nouveau', '1-5 ans']",21372.549019607843,Nouveau,1-5 ans
Villas,Sidi Maarouf,4500000,250.0,5.0,4.0,3.0,0.0,"['Bon état', '10-20 ans']",18000.0,Bon état,10-20 ans
Appartements,Val Fleury,1790000,125.0,5.0,3.0,2.0,1.0,"['Bon état', '10-20 ans']",14320.0,Bon état,10-20 ans
Appartements,Bourgogne Ouest,2400000,141.0,3.0,3.0,2.0,4.0,"['Bon état', '10-20 ans']",17021.27659574468,Bon état,10-20 ans
Appartements,Oulfa,470000,52.0,3.0,2.0,2.0,3.0,"['Bon état', '10-20 ans']",9038.46153846154,Bon état,10-20 ans
Appartements,Californie,1572820,93.0,4.0,3.0,2.0,2.0,['Nouveau'],16912.043010752688,Nouveau,
Appartements,Ain Diab,4050000,162.0,3.0,2.0,3.0,6.0,"['Bon état', '1-5 ans']",25000.0,Bon état,1-5 ans
Appartements,Gauthier,3000000,198.0,4.0,3.0,3.0,6.0,"['Bon état', '10-20 ans']",15151.515151515152,Bon état,10-20 ans
Appartements,Maârif Extension,2330000,180.0,5.0,3.0,2.0,5.0,"['Bon état', '10-20 ans']",12944.444444444443,Bon état,10-20 ans
Appartements,Californie,1585580,99.0,3.0,2.0,2.0,2.0,['Nouveau'],16015.959595959595,Nouveau,
Appartements,Californie,1656480,102.0,4.0,3.0,2.0,3.0,[],16240.0,,
Appartements,Californie,1803200,115.0,3.0,2.0,2.0,4.0,['Nouveau'],15680.0,Nouveau,
Appartements,Californie,1721660,122.0,4.0,3.0,3.0,2.0,['Nouveau'],14111.967213114754,Nouveau,
Appartements,Californie,1854720,115.0,3.0,2.0,2.0,1.0,['Nouveau'],16128.0,Nouveau,
Appartements,Aïn Sebaâ,984810,90.0,3.0,2.0,2.0,4.0,['Nouveau'],10942.333333333334,Nouveau,
Villas,Ain Diab,8000000,400.0,10.0,4.0,6.0,0.0,['Nouveau'],20000.0,Nouveau,
Appartements,Belvédère,920000,78.0,3.0,2.0,1.0,2.0,"['Bon état', '5-10 ans']",11794.871794871797,Bon état,5-10 ans
Appartements,Val Fleury,2900000,240.0,5.0,3.0,2.0,4.0,"['Bon état', '5-10 ans']",12083.333333333334,Bon état,5-10 ans
Villas,Anfa,20000000,1058.0,5.0,5.0,4.0,0.0,['Bon état'],18903.59168241966,Bon état,
Appartements,Triangle d'Or,2900000,125.0,5.0,3.0,2.0,2.0,"['Bon état', '10-20 ans']",23200.0,Bon état,10-20 ans
Villas,Californie,7300000,490.0,3.0,5.0,4.0,0.0,"['Bon état', '5-10 ans']",14897.959183673467,Bon état,5-10 ans
Appartements,Anfa,1480000,82.0,3.0,2.0,2.0,3.0,[],18048.78048780488,,
Appartements,Anfa,2950000,150.0,4.0,3.0,3.0,4.0,[],19666.666666666668,,
Appartements,Maârif Extension,1350000,130.0,4.0,3.0,1.0,1.0,"['Bon état', '5-10 ans']",10384.615384615385,Bon état,5-10 ans
Appartements,Oulfa,340000,47.0,3.0,2.0,1.0,3.0,"['Nouveau', '1-5 ans']",7234.04255319149,Nouveau,1-5 ans
Appartements,Belvédère,1800000,149.0,3.0,3.0,2.0,7.0,"['Bon état', '10-20 ans']",12080.53691275168,Bon état,10-20 ans
Appartements,Ain Diab,4200000,230.0,6.0,4.0,3.0,1.0,"['Nouveau', '1-5 ans']",18260.869565217392,Nouveau,1-5 ans
Appartements,Maârif,1780000,114.0,4.0,3.0,2.0,5.0,"['Bon état', '1-5 ans']",15614.035087719298,Bon état,1-5 ans
Appartements,Maârif,1400000,77.0,2.0,1.0,2.0,4.0,"['Nouveau', ""Moins d'un an""]",18181.81818181818,Nouveau,Moins d'un an
Appartements,Les princesses,1050000,55.0,2.0,1.0,1.0,3.0,"['Nouveau', ""Moins d'un an""]",19090.90909090909,Nouveau,Moins d'un an
Appartements,Val Fleury,2500000,162.0,4.0,3.0,2.0,4.0,"['Bon état', '5-10 ans']",15432.098765432098,Bon état,5-10 ans
Villas,CIL (Hay Salam),9500000,480.0,8.0,4.0,3.0,0.0,"['Bon état', '10-20 ans']",19791.666666666668,Bon état,10-20 ans
Villas,Californie,7500000,1015.0,10.0,3.0,4.0,0.0,"['À rénover', '10-20 ans']",7389.162561576355,À rénover,10-20 ans
Appartements,Les princesses,1140000,63.0,2.0,1.0,1.0,5.0,"['Nouveau', ""Moins d'un an""]",18095.23809523809,Nouveau,Moins d'un an
Appartements,Bourgogne Ouest,1350000,92.0,3.0,2.0,1.0,2.0,['Bon état'],14673.91304347826,Bon état,
Villas,Anfa,14000000,1068.0,7.0,6.0,3.0,0.0,"['Bon état', '20-30 ans']",13108.614232209738,Bon état,20-30 ans
Appartements,Triangle d'Or,3200000,200.0,4.0,3.0,3.0,3.0,"['À rénover', '10-20 ans']",16000.0,À rénover,10-20 ans
Appartements,Anfa,2650000,146.0,4.0,3.0,2.0,3.0,"['Nouveau', '1-5 ans']",18150.68493150685,Nouveau,1-5 ans
Villas,Sidi Maarouf,5300000,375.0,5.0,3.0,2.0,0.0,[],14133.333333333334,,
Appartements,Palmier,1650000,116.0,5.0,3.0,2.0,5.0,"['Nouveau', '10-20 ans']",14224.137931034482,Nouveau,10-20 ans
Appartements,Californie,1694450,123.0,4.0,3.0,3.0,1.0,['Nouveau'],13776.016260162602,Nouveau,
Appartements,Californie,2506000,179.0,4.0,3.0,3.0,2.0,['Nouveau'],14000.0,Nouveau,
Appartements,Californie,1930430,139.0,3.0,2.0,3.0,2.0,['Nouveau'],13887.98561151079,Nouveau,
Appartements,Californie,2479680,180.0,4.0,3.0,3.0,1.0,['Nouveau'],13776.0,Nouveau,
Appartements,Californie,2465900,179.0,4.0,3.0,3.0,4.0,['Nouveau'],13775.977653631286,Nouveau,
Villas,Ain Diab Extension,16500000,1180.0,10.0,4.0,3.0,0.0,"['Bon état', '1-5 ans']",13983.050847457627,Bon état,1-5 ans
Appartements,Les princesses,1370000,130.0,4.0,3.0,2.0,1.0,"['Bon état', '10-20 ans']",10538.46153846154,Bon état,10-20 ans
Appartements,Les princesses,1750000,157.0,4.0,3.0,2.0,4.0,['Bon état'],11146.496815286624,Bon état,
Appartements,Californie,1386000,99.0,3.0,2.0,2.0,1.0,['Nouveau'],14000.0,Nouveau,
Appartements,Maârif,820000,40.0,1.0,1.0,1.0,1.0,"['Nouveau', ""Moins d'un an""]",20500.0,Nouveau,Moins d'un an
Appartements,Aïn Sebaâ,880000,91.0,3.0,3.0,1.0,3.0,"['Bon état', '1-5 ans']",9670.329670329673,Bon état,1-5 ans
Appartements,Racine,2000000,96.0,4.0,3.0,2.0,1.0,"['Bon état', '10-20 ans']",20833.33333333333,Bon état,10-20 ans
Appartements,Triangle d'Or,2380000,164.0,4.0,2.0,3.0,4.0,"['Bon état', '20-30 ans']",14512.19512195122,Bon état,20-30 ans
Villas,Ain Diab,9500000,618.0,6.0,5.0,5.0,0.0,"['À rénover', '10-20 ans']",15372.168284789645,À rénover,10-20 ans
Appartements,Gauthier,3800000,289.0,5.0,4.0,2.0,4.0,"['Bon état', '10-20 ans']",13148.78892733564,Bon état,10-20 ans
Appartements,Maârif Extension,1750000,156.0,5.0,3.0,2.0,3.0,"['Bon état', '10-20 ans']",11217.94871794872,Bon état,10-20 ans
Villas,Ain Diab Extension,14500000,1288.0,5.0,4.0,2.0,0.0,"['Bon état', '1-5 ans']",11257.76397515528,Bon état,1-5 ans
Appartements,Belvédère,1800000,144.0,4.0,3.0,2.0,2.0,"['Bon état', '10-20 ans']",12500.0,Bon état,10-20 ans
Appartements,Racine,4500000,294.0,6.0,3.0,3.0,5.0,"['Bon état', '10-20 ans']",15306.122448979591,Bon état,10-20 ans
Appartements,La Gironde,1150000,120.0,3.0,2.0,2.0,5.0,"['Bon état', '10-20 ans']",9583.333333333334,Bon état,10-20 ans
Appartements,Maârif Extension,2350000,137.0,5.0,3.0,2.0,1.0,"['Nouveau', ""Moins d'un an""]",17153.284671532845,Nouveau,Moins d'un an
Appartements,Belvédère,2100000,210.0,2.0,3.0,2.0,7.0,"['Bon état', '20-30 ans']",10000.0,Bon état,20-30 ans
Villas,Californie,13000000,1300.0,7.0,7.0,4.0,0.0,"['À rénover', '20-30 ans']",10000.0,À rénover,20-30 ans
Appartements,Racine,2900000,191.0,5.0,2.0,2.0,2.0,"['Bon état', '10-20 ans']",15183.24607329843,Bon état,10-20 ans
Appartements,Hermitage,1221690,57.0,2.0,1.0,2.0,1.0,[],21433.157894736843,,
Villas,Californie,40000000,2700.0,9.0,4.0,3.0,0.0,"['Nouveau', ""Moins d'un an""]",14814.814814814816,Nouveau,Moins d'un an
Appartements,Gauthier,3300000,229.0,5.0,3.0,2.0,1.0,"['Bon état', '5-10 ans']",14410.480349344978,Bon état,5-10 ans
Appartements,Casablanca Finance City,2090000,112.0,3.0,2.0,2.0,3.0,"['Nouveau', '1-5 ans']",18660.714285714286,Nouveau,1-5 ans
Appartements,Les princesses,2950000,160.0,4.0,3.0,1.0,5.0,"['Bon état', '10-20 ans']",18437.5,Bon état,10-20 ans
Villas,Ain Diab,6400000,432.0,5.0,4.0,3.0,0.0,[],14814.814814814816,,
Appartements,Bourgogne Ouest,2000000,172.0,6.0,4.0,2.0,6.0,"['Bon état', '20-30 ans']",11627.906976744183,Bon état,20-30 ans
Villas,Ain Diab,6400000,450.0,8.0,4.0,4.0,0.0,['Bon état'],14222.222222222224,Bon état,
Villas,Californie,14500000,1016.0,4.0,4.0,3.0,0.0,"['Bon état', '5-10 ans']",14271.653543307086,Bon état,5-10 ans
Appartements,Gauthier,4900000,320.0,5.0,5.0,3.0,5.0,"['Bon état', '10-20 ans']",15312.5,Bon état,10-20 ans
Villas,Californie,7400000,483.0,5.0,4.0,3.0,0.0,"['Nouveau', '5-10 ans']",15320.910973084889,Nouveau,5-10 ans
Appartements,Racine,4800000,257.0,5.0,3.0,2.0,2.0,"['À rénover', '10-20 ans']",18677.04280155642,À rénover,10-20 ans
Villas,CIL (Hay Salam),9500000,735.0,10.0,5.0,2.0,0.0,"['À rénover', '20-30 ans']",12925.170068027212,À rénover,20-30 ans
Appartements,Triangle d'Or,4400000,195.0,4.0,3.0,2.0,2.0,"['Nouveau', '1-5 ans']",22564.102564102563,Nouveau,1-5 ans
Appartements,Racine,3400000,205.0,5.0,3.0,2.0,2.0,"['Bon état', '5-10 ans']",16585.365853658535,Bon état,5-10 ans
Appartements,Triangle d'Or,4350000,295.0,4.0,4.0,3.0,5.0,"['Bon état', '5-10 ans']",14745.762711864409,Bon état,5-10 ans
Appartements,Triangle d'Or,3700000,192.0,3.0,3.0,2.0,3.0,"['À rénover', '10-20 ans']",19270.83333333333,À rénover,10-20 ans
Villas,Anfa,26000000,1455.0,3.0,5.0,4.0,0.0,"['À rénover', '5-10 ans']",17869.415807560137,À rénover,5-10 ans
Villas,Anfa,16000000,872.0,6.0,4.0,3.0,0.0,"['Bon état', '10-20 ans']",18348.623853211007,Bon état,10-20 ans
Villas,Polo,8500000,926.0,5.0,4.0,3.0,0.0,"['Bon état', '30-50 ans']",9179.2656587473,Bon état,30-50 ans
Villas,Californie,16000000,1640.0,5.0,5.0,3.0,0.0,"['Bon état', '20-30 ans']",9756.09756097561,Bon état,20-30 ans
Villas,Californie,7250000,486.0,4.0,4.0,3.0,0.0,"['Bon état', '5-10 ans']",14917.69547325103,Bon état,5-10 ans
Villas,Californie,11500000,1422.0,9.0,4.0,4.0,0.0,"['Bon état', '10-20 ans']",8087.201125175809,Bon état,10-20 ans
Villas,Anfa Supérieur,25000000,781.0,9.0,4.0,4.0,0.0,"['Nouveau', '1-5 ans']",32010.243277848916,Nouveau,1-5 ans
Villas,Anfa Supérieur,18000000,815.0,8.0,4.0,4.0,0.0,"['À rénover', '10-20 ans']",22085.889570552143,À rénover,10-20 ans
Appartements,La Gironde,1276500,111.0,4.0,3.0,2.0,5.0,['Nouveau'],11500.0,Nouveau,
Villas,Californie,10500000,1124.0,5.0,3.0,3.0,0.0,"['À rénover', '20-30 ans']",9341.637010676155,À rénover,20-30 ans
Appartements,Ain Diab,2550000,172.0,3.0,3.0,2.0,1.0,"['Nouveau', '10-20 ans']",14825.581395348838,Nouveau,10-20 ans
Appartements,Maârif Extension,1600000,99.0,2.0,2.0,2.0,4.0,"['Nouveau', ""Moins d'un an""]",16161.61616161616,Nouveau,Moins d'un an
Villas,Sidi Maarouf,5100000,265.0,6.0,4.0,3.0,0.0,"['Bon état', '5-10 ans']",19245.283018867925,Bon état,5-10 ans
Appartements,Palmier,2000000,184.0,3.0,3.0,2.0,1.0,"['À rénover', '20-30 ans']",10869.565217391304,À rénover,20-30 ans
Appartements,Racine,2850000,160.0,5.0,3.0,2.0,3.0,"['Bon état', '10-20 ans']",17812.5,Bon état,10-20 ans
Appartements,Gauthier,16500000,1200.0,3.0,5.0,4.0,6.0,"['Nouveau', ""Moins d'un an""]",13750.0,Nouveau,Moins d'un an
Appartements,Mers Sultan,2500000,194.0,5.0,3.0,2.0,2.0,"['Bon état', '5-10 ans']",12886.59793814433,Bon état,5-10 ans
Villas,Sidi Maarouf,4900000,250.0,4.0,3.0,3.0,0.0,"['Bon état', '5-10 ans']",19600.0,Bon état,5-10 ans
Villas,Gauthier,4800000,152.0,6.0,3.0,2.0,0.0,['Bon état'],31578.947368421053,Bon état,
Villas,Ain Diab,6800000,395.0,8.0,4.0,3.0,0.0,"['À rénover', '20-30 ans']",17215.189873417723,À rénover,20-30 ans
Villas,Ain Diab,6100000,370.0,9.0,4.0,3.0,0.0,"['À rénover', '10-20 ans']",16486.486486486487,À rénover,10-20 ans
Villas,Ain Diab,8500000,479.0,8.0,4.0,2.0,0.0,"['Bon état', '10-20 ans']",17745.302713987472,Bon état,10-20 ans
Appartements,Racine,3850000,167.0,7.0,3.0,2.0,2.0,"['Bon état', '10-20 ans']",23053.892215568863,Bon état,10-20 ans
Villas,Ain Diab,7800000,350.0,8.0,4.0,2.0,0.0,"['Bon état', '10-20 ans']",22285.714285714286,Bon état,10-20 ans
Villas,Ain Diab,7200000,340.0,8.0,4.0,2.0,0.0,"['À rénover', '20-30 ans']",21176.470588235294,À rénover,20-30 ans
Villas,Ain Diab,8000000,450.0,10.0,5.0,3.0,0.0,"['À rénover', '20-30 ans']",17777.777777777777,À rénover,20-30 ans
Appartements,Oulfa,570000,61.0,3.0,2.0,1.0,2.0,"['Bon état', '10-20 ans']",9344.262295081968,Bon état,10-20 ans
Appartements,Hermitage,1701080,83.0,2.0,1.0,2.0,4.0,[],20494.939759036144,,
Appartements,Aïn Sebaâ,655500,57.0,3.0,2.0,2.0,2.0,"['Nouveau', ""Moins d'un an""]",11500.0,Nouveau,Moins d'un an
Appartements,Racine,2600000,130.0,4.0,3.0,3.0,3.0,"['Bon état', '5-10 ans']",20000.0,Bon état,5-10 ans
Appartements,Racine,2600000,140.0,5.0,3.0,3.0,2.0,"['Bon état', '10-20 ans']",18571.42857142857,Bon état,10-20 ans
Villas,Sidi Maarouf,7100000,310.0,6.0,4.0,3.0,0.0,"['Bon état', '5-10 ans']",22903.225806451614,Bon état,5-10 ans
Villas,Californie,16500000,1260.0,10.0,4.0,4.0,0.0,['Bon état'],13095.238095238095,Bon état,
Villas,Polo,9000000,919.0,4.0,4.0,4.0,0.0,"['À rénover', '30-50 ans']",9793.253536452668,À rénover,30-50 ans
Appartements,Val Fleury,1380000,100.0,3.0,2.0,2.0,2.0,"['Bon état', '10-20 ans']",13800.0,Bon état,10-20 ans
Appartements,Gauthier,5800000,562.0,10.0,5.0,5.0,6.0,"['Bon état', '5-10 ans']",10320.284697508896,Bon état,5-10 ans
Appartements,Palmier,4200000,279.0,4.0,3.0,3.0,6.0,"['Bon état', '5-10 ans']",15053.763440860215,Bon état,5-10 ans
Villas,Sidi Maarouf,7000000,380.0,10.0,5.0,7.0,0.0,['Nouveau'],18421.052631578947,Nouveau,
Villas,CIL (Hay Salam),9500000,440.0,7.0,6.0,6.0,0.0,['Nouveau'],21590.90909090909,Nouveau,
Villas,CIL (Hay Salam),8700000,570.0,2.0,1.0,1.0,0.0,"['À rénover', '10-20 ans']",15263.157894736842,À rénover,10-20 ans
Villas,Anfa Supérieur,34000000,1300.0,7.0,6.0,5.0,0.0,['À rénover'],26153.846153846152,À rénover,
Villas,Sidi Maarouf,3500000,120.0,4.0,4.0,2.0,0.0,['Bon état'],29166.666666666668,Bon état,
Appartements,Bourgogne Ouest,950000,50.0,2.0,1.0,1.0,5.0,"['Bon état', '5-10 ans']",19000.0,Bon état,5-10 ans
Appartements,Belvédère,1100000,111.0,3.0,2.0,2.0,5.0,"['Bon état', '10-20 ans']",9909.90990990991,Bon état,10-20 ans
Villas,Sidi Maarouf,3600000,260.0,5.0,4.0,2.0,0.0,['Bon état'],13846.153846153846,Bon état,
Villas,Polo,8000000,799.0,7.0,4.0,2.0,0.0,[],10012.515644555697,,
Villas,Longchamps (Hay Al Hanâa),11000000,600.0,7.0,4.0,2.0,0.0,[],18333.33333333333,,
Villas,Ain Diab,8000000,390.0,6.0,4.0,2.0,0.0,[],20512.82051282051,,
Appartements,Bourgogne Ouest,1400000,92.0,5.0,3.0,1.0,3.0,[],15217.391304347826,,
Appartements,Maârif,900000,60.0,2.0,1.0,1.0,3.0,[],15000.0,,
Appartements,Bourgogne Ouest,1700000,159.0,4.0,3.0,2.0,5.0,"['Nouveau', '1-5 ans']",10691.82389937107,Nouveau,1-5 ans
Villas,Polo,6500000,350.0,5.0,3.0,3.0,0.0,"['Nouveau', '1-5 ans']",18571.42857142857,Nouveau,1-5 ans
Villas,Polo,9000000,1010.0,9.0,5.0,4.0,0.0,['À rénover'],8910.89108910891,À rénover,
Appartements,CIL (Hay Salam),2300000,131.0,4.0,3.0,2.0,3.0,"['Bon état', '10-20 ans']",17557.251908396946,Bon état,10-20 ans
Villas,Californie,16000000,1100.0,8.0,5.0,4.0,0.0,"['Nouveau', '1-5 ans']",14545.454545454546,Nouveau,1-5 ans
Villas,Californie,7500000,370.0,8.0,4.0,3.0,0.0,"['Nouveau', '5-10 ans']",20270.27027027027,Nouveau,5-10 ans
Appartements,Racine,3360000,191.0,5.0,3.0,3.0,2.0,[],17591.623036649216,,
Villas,Polo,15500000,1000.0,8.0,4.0,6.0,0.0,"['Bon état', '10-20 ans']",15500.0,Bon état,10-20 ans
Villas,CIL (Hay Salam),12000000,845.0,8.0,4.0,5.0,0.0,"['Bon état', '10-20 ans']",14201.183431952662,Bon état,10-20 ans
Villas,Californie,9500000,1053.0,6.0,5.0,5.0,0.0,['Nouveau'],9021.842355175688,Nouveau,
Appartements,Gauthier,3300000,222.0,4.0,3.0,3.0,4.0,"['À rénover', '20-30 ans']",14864.864864864863,À rénover,20-30 ans
Appartements,Palmier,3950000,217.0,5.0,3.0,3.0,4.0,"['Nouveau', '20-30 ans']",18202.76497695853,Nouveau,20-30 ans
Appartements,Les princesses,3200000,198.0,4.0,3.0,3.0,5.0,"['Nouveau', '5-10 ans']",16161.61616161616,Nouveau,5-10 ans
Appartements,Bourgogne Ouest,2400000,150.0,4.0,3.0,3.0,4.0,"['Bon état', '10-20 ans']",16000.0,Bon état,10-20 ans
Appartements,Les princesses,1390000,105.0,3.0,2.0,2.0,3.0,"['Bon état', '10-20 ans']",13238.09523809524,Bon état,10-20 ans
Appartements,Palmier,2000000,135.0,4.0,3.0,2.0,5.0,"['Bon état', '10-20 ans']",14814.814814814816,Bon état,10-20 ans
Appartements,Californie,1650000,140.0,5.0,3.0,2.0,1.0,"['Bon état', '10-20 ans']",11785.714285714286,Bon état,10-20 ans
Appartements,Les princesses,1550000,76.0,5.0,2.0,1.0,1.0,"['Nouveau', ""Moins d'un an""]",20394.736842105263,Nouveau,Moins d'un an
Appartements,Racine,2400000,156.0,5.0,3.0,3.0,1.0,"['Nouveau', '10-20 ans']",15384.615384615385,Nouveau,10-20 ans
Appartements,Val Fleury,1470000,113.0,3.0,2.0,1.0,4.0,"['Bon état', '1-5 ans']",13008.849557522124,Bon état,1-5 ans
Appartements,Les princesses,1050000,60.0,2.0,1.0,1.0,7.0,"['Bon état', '5-10 ans']",17500.0,Bon état,5-10 ans
Villas,CIL (Hay Salam),8500000,600.0,6.0,4.0,4.0,0.0,"['À rénover', '5-10 ans']",14166.666666666666,À rénover,5-10 ans
Villas,Longchamps (Hay Al Hanâa),12000000,700.0,4.0,3.0,3.0,0.0,"['Nouveau', ""Moins d'un an""]",17142.85714285714,Nouveau,Moins d'un an
Villas,Californie,13000000,1000.0,7.0,5.0,6.0,0.0,"['Bon état', '10-20 ans']",13000.0,Bon état,10-20 ans
Villas,Californie,19000000,1100.0,8.0,6.0,6.0,0.0,"['Bon état', '5-10 ans']",17272.727272727272,Bon état,5-10 ans
Appartements,Maârif Extension,700000,40.0,1.0,1.0,1.0,3.0,"['Nouveau', '1-5 ans']",17500.0,Nouveau,1-5 ans
Appartements,Les Hôpitaux,2500000,200.0,5.0,4.0,3.0,4.0,"['Bon état', '10-20 ans']",12500.0,Bon état,10-20 ans
Villas,Ain Diab,33000000,1613.0,7.0,4.0,4.0,0.0,"['Bon état', '10-20 ans']",20458.77247365158,Bon état,10-20 ans
Appartements,Oulfa,400000,50.0,1.0,3.0,1.0,3.0,"['Bon état', '1-5 ans']",8000.0,Bon état,1-5 ans
Appartements,Maârif Extension,2600000,153.0,3.0,2.0,2.0,2.0,"['Bon état', '5-10 ans']",16993.46405228758,Bon état,5-10 ans
Appartements,Val Fleury,2100000,130.0,5.0,3.0,2.0,1.0,"['Bon état', ""Moins d'un an""]",16153.846153846154,Bon état,Moins d'un an
Appartements,Maârif,1900000,127.0,4.0,3.0,2.0,4.0,"['Nouveau', '1-5 ans']",14960.629921259842,Nouveau,1-5 ans
Villas,Ain Diab Extension,8000000,320.0,6.0,4.0,1.0,0.0,"['Bon état', '5-10 ans']",25000.0,Bon état,5-10 ans
Appartements,Hermitage,1600000,144.0,5.0,3.0,2.0,4.0,"['Bon état', '10-20 ans']",11111.111111111111,Bon état,10-20 ans
Appartements,Maârif,2400000,138.0,4.0,3.0,2.0,5.0,['Bon état'],17391.304347826088,Bon état,
Appartements,Gauthier,2100000,149.0,5.0,3.0,2.0,3.0,"['Bon état', '10-20 ans']",14093.959731543624,Bon état,10-20 ans
Appartements,Les princesses,970000,54.0,2.0,1.0,1.0,7.0,"['Nouveau', ""Moins d'un an""]",17962.962962962964,Nouveau,Moins d'un an
Appartements,Casablanca Finance City,1500000,45.0,2.0,1.0,2.0,2.0,"['Nouveau', '1-5 ans']",33333.333333333336,Nouveau,1-5 ans
Appartements,Les Hôpitaux,1900000,142.0,5.0,3.0,2.0,4.0,['Bon état'],13380.281690140846,Bon état,
Appartements,Anfa,2280000,127.0,5.0,3.0,2.0,3.0,"['Nouveau', '5-10 ans']",17952.75590551181,Nouveau,5-10 ans
Villas,Oulfa,3500000,251.0,4.0,11.0,4.0,0.0,"['Bon état', '10-20 ans']",13944.223107569722,Bon état,10-20 ans
Villas,Californie,28000000,1633.0,8.0,4.0,3.0,0.0,"['Nouveau', '1-5 ans']",17146.356399265158,Nouveau,1-5 ans
Villas,Anfa Supérieur,24000000,1465.0,9.0,4.0,2.0,0.0,"['Bon état', '10-20 ans']",16382.252559726963,Bon état,10-20 ans
Villas,CIL (Hay Salam),8000000,535.0,7.0,4.0,2.0,0.0,"['Bon état', '5-10 ans']",14953.271028037385,Bon état,5-10 ans
Villas,Californie,13000000,1020.0,8.0,4.0,3.0,0.0,"['Nouveau', '5-10 ans']",12745.098039215687,Nouveau,5-10 ans
Villas,Anfa Supérieur,19000000,1065.0,8.0,3.0,2.0,0.0,"['Bon état', '10-20 ans']",17840.37558685446,Bon état,10-20 ans
Villas,Oasis,8500000,563.0,7.0,4.0,3.0,0.0,"['Nouveau', '1-5 ans']",15097.690941385436,Nouveau,1-5 ans
Villas,Longchamps (Hay Al Hanâa),11700000,675.0,7.0,4.0,3.0,0.0,"['Nouveau', '5-10 ans']",17333.333333333332,Nouveau,5-10 ans
Villas,Longchamps (Hay Al Hanâa),15000000,733.0,7.0,4.0,3.0,0.0,"['Nouveau', '1-5 ans']",20463.84720327421,Nouveau,1-5 ans
Villas,CIL (Hay Salam),9500000,425.0,7.0,4.0,3.0,0.0,"['Nouveau', '1-5 ans']",22352.941176470587,Nouveau,1-5 ans
Villas,Californie,12000000,1200.0,9.0,4.0,3.0,0.0,"['Bon état', '10-20 ans']",10000.0,Bon état,10-20 ans
Villas,Californie,10000000,855.0,9.0,4.0,3.0,0.0,"['Nouveau', '5-10 ans']",11695.906432748538,Nouveau,5-10 ans
Villas,Ain Diab,7000000,400.0,8.0,4.0,3.0,0.0,"['Bon état', '5-10 ans']",17500.0,Bon état,5-10 ans
Villas,Ain Diab,9500000,615.0,8.0,4.0,3.0,0.0,"['À rénover', '1-5 ans']",15447.154471544716,À rénover,1-5 ans
Villas,Oasis,9000000,850.0,8.0,4.0,3.0,0.0,"['À rénover', '10-20 ans']",10588.235294117649,À rénover,10-20 ans
Villas,CIL (Hay Salam),9000000,435.0,7.0,4.0,2.0,0.0,"['À rénover', '10-20 ans']",20689.655172413797,À rénover,10-20 ans
Villas,Californie,16000000,1500.0,9.0,4.0,4.0,0.0,"['Bon état', '10-20 ans']",10666.666666666666,Bon état,10-20 ans
Villas,Ain Diab,7500000,545.0,8.0,4.0,3.0,0.0,"['Nouveau', '5-10 ans']",13761.467889908256,Nouveau,5-10 ans
Villas,Longchamps (Hay Al Hanâa),7500000,400.0,6.0,2.0,2.0,0.0,"['À rénover', '10-20 ans']",18750.0,À rénover,10-20 ans
Villas,Oasis,7000000,584.0,8.0,4.0,3.0,0.0,"['Bon état', '10-20 ans']",11986.301369863011,Bon état,10-20 ans
Villas,Oasis,7500000,625.0,8.0,4.0,3.0,0.0,"['Bon état', '10-20 ans']",12000.0,Bon état,10-20 ans
Villas,Oasis,6500000,530.0,7.0,4.0,3.0,0.0,"['À rénover', '10-20 ans']",12264.150943396226,À rénover,10-20 ans
Villas,CIL (Hay Salam),6800000,400.0,5.0,3.0,3.0,0.0,"['Nouveau', '10-20 ans']",17000.0,Nouveau,10-20 ans
Villas,Anfa,6500000,400.0,8.0,4.0,2.0,0.0,"['Bon état', '10-20 ans']",16250.0,Bon état,10-20 ans
Villas,Polo,7000000,665.0,7.0,3.0,2.0,0.0,"['À rénover', '10-20 ans']",10526.315789473683,À rénover,10-20 ans
Villas,Oasis,6500000,320.0,6.0,3.0,3.0,0.0,"['Nouveau', '5-10 ans']",20312.5,Nouveau,5-10 ans
Villas,CIL (Hay Salam),7500000,460.0,6.0,4.0,2.0,0.0,"['Bon état', '5-10 ans']",16304.347826086956,Bon état,5-10 ans
Villas,Oasis,13000000,733.0,8.0,4.0,2.0,0.0,"['À rénover', '10-20 ans']",17735.334242837653,À rénover,10-20 ans
Villas,Ain Diab,5800000,350.0,7.0,4.0,3.0,0.0,"['Nouveau', '5-10 ans']",16571.428571428572,Nouveau,5-10 ans
Villas,Anfa Supérieur,60000000,3200.0,9.0,4.0,3.0,0.0,"['Bon état', '10-20 ans']",18750.0,Bon état,10-20 ans
Villas,Polo,6000000,380.0,8.0,4.0,3.0,0.0,"['Nouveau', '5-10 ans']",15789.473684210529,Nouveau,5-10 ans
Villas,Polo,5800000,525.0,8.0,3.0,2.0,0.0,"['À rénover', '10-20 ans']",11047.619047619048,À rénover,10-20 ans
Villas,CIL (Hay Salam),6800000,375.0,7.0,3.0,2.0,0.0,"['À rénover', '10-20 ans']",18133.33333333333,À rénover,10-20 ans
Villas,Anfa,7900000,593.0,8.0,4.0,3.0,0.0,"['Nouveau', '5-10 ans']",13322.091062394604,Nouveau,5-10 ans
Villas,Oasis,5500000,417.0,6.0,3.0,2.0,0.0,"['À rénover', '10-20 ans']",13189.448441247005,À rénover,10-20 ans
Villas,CIL (Hay Salam),9000000,390.0,8.0,4.0,4.0,0.0,"['Nouveau', ""Moins d'un an""]",23076.92307692308,Nouveau,Moins d'un an
Villas,CIL (Hay Salam),8700000,675.0,7.0,4.0,3.0,0.0,"['À rénover', '10-20 ans']",12888.888888888889,À rénover,10-20 ans
Villas,Longchamps (Hay Al Hanâa),10800000,865.0,7.0,4.0,2.0,0.0,"['À rénover', '10-20 ans']",12485.549132947976,À rénover,10-20 ans
Villas,CIL (Hay Salam),13800000,988.0,8.0,4.0,3.0,0.0,"['À rénover', '10-20 ans']",13967.611336032389,À rénover,10-20 ans
Villas,Ain Diab,6500000,350.0,7.0,4.0,3.0,0.0,"['Nouveau', '5-10 ans']",18571.42857142857,Nouveau,5-10 ans
Villas,Longchamps (Hay Al Hanâa),12000000,580.0,7.0,4.0,3.0,0.0,"['Nouveau', '5-10 ans']",20689.655172413797,Nouveau,5-10 ans
Villas,CIL (Hay Salam),7000000,360.0,8.0,4.0,3.0,0.0,"['Bon état', '10-20 ans']",19444.444444444445,Bon état,10-20 ans
Villas,Ain Diab,11500000,722.0,8.0,4.0,3.0,0.0,"['Nouveau', '5-10 ans']",15927.97783933518,Nouveau,5-10 ans
Villas,Anfa,15000000,945.0,8.0,4.0,3.0,0.0,"['À rénover', '5-10 ans']",15873.015873015873,À rénover,5-10 ans
Villas,Ain Diab,6800000,400.0,8.0,4.0,3.0,0.0,"['Nouveau', '5-10 ans']",17000.0,Nouveau,5-10 ans
Villas,Anfa,14500000,993.0,7.0,4.0,3.0,0.0,"['Nouveau', '5-10 ans']",14602.21550855992,Nouveau,5-10 ans
Villas,Californie,16000000,1350.0,7.0,4.0,2.0,0.0,"['Bon état', '10-20 ans']",11851.851851851852,Bon état,10-20 ans
Villas,Californie,15000000,1120.0,8.0,4.0,3.0,0.0,"['Bon état', '10-20 ans']",13392.857142857143,Bon état,10-20 ans
Villas,Californie,22000000,1800.0,7.0,4.0,3.0,0.0,"['Bon état', '10-20 ans']",12222.222222222224,Bon état,10-20 ans
Villas,Polo,13000000,977.0,8.0,4.0,2.0,0.0,"['Bon état', '10-20 ans']",13306.038894575231,Bon état,10-20 ans
Villas,Polo,23000000,2200.0,7.0,4.0,3.0,0.0,"['À rénover', '10-20 ans']",10454.545454545454,À rénover,10-20 ans
Villas,Anfa,18000000,1025.0,8.0,4.0,2.0,0.0,"['Bon état', '10-20 ans']",17560.975609756097,Bon état,10-20 ans
Villas,Oasis,30000000,1622.0,7.0,4.0,2.0,0.0,"['Bon état', '10-20 ans']",18495.684340320597,Bon état,10-20 ans
Villas,Longchamps (Hay Al Hanâa),20000000,1085.0,8.0,4.0,3.0,0.0,"['Bon état', '10-20 ans']",18433.179723502304,Bon état,10-20 ans
Villas,CIL (Hay Salam),12000000,575.0,9.0,4.0,3.0,0.0,"['Bon état', '10-20 ans']",20869.565217391304,Bon état,10-20 ans
Villas,Anfa,20000000,985.0,8.0,4.0,2.0,0.0,"['À rénover', '10-20 ans']",20304.568527918786,À rénover,10-20 ans
Villas,Anfa,13000000,627.0,8.0,4.0,3.0,0.0,"['À rénover', '10-20 ans']",20733.652312599683,À rénover,10-20 ans
Villas,Anfa,25000000,1017.0,8.0,4.0,3.0,0.0,"['À rénover', '10-20 ans']",24582.104228121927,À rénover,10-20 ans
Villas,CIL (Hay Salam),8700000,715.0,9.0,4.0,3.0,0.0,"['À rénover', '10-20 ans']",12167.832167832168,À rénover,10-20 ans
Appartements,Oasis,1400000,71.0,3.0,2.0,2.0,1.0,"['Nouveau', ""Moins d'un an""]",19718.309859154928,Nouveau,Moins d'un an
Appartements,Bourgogne Ouest,1170000,89.0,4.0,2.0,1.0,6.0,"['Bon état', '10-20 ans']",13146.067415730337,Bon état,10-20 ans
Appartements,Palmier,1950000,125.0,5.0,3.0,2.0,9.0,['Bon état'],15600.0,Bon état,
Appartements,Les princesses,1500000,100.0,3.0,2.0,2.0,4.0,"['Bon état', '10-20 ans']",15000.0,Bon état,10-20 ans
Villas,Californie,16500000,1000.0,7.0,5.0,5.0,0.0,"['Bon état', '1-5 ans']",16500.0,Bon état,1-5 ans
Appartements,La Gironde,1590000,153.0,6.0,3.0,3.0,6.0,"['Nouveau', '5-10 ans']",10392.156862745098,Nouveau,5-10 ans
Appartements,Maârif,1747300,98.0,3.0,2.0,2.0,6.0,"['Bon état', '10-20 ans']",17829.591836734693,Bon état,10-20 ans
Villas,Polo,4050000,345.0,7.0,5.0,3.0,0.0,"['Bon état', '20-30 ans']",11739.130434782608,Bon état,20-30 ans
Appartements,Maârif Extension,980000,98.0,3.0,2.0,1.0,5.0,"['À rénover', '20-30 ans']",10000.0,À rénover,20-30 ans
Appartements,Ain Diab,3700000,203.0,5.0,3.0,2.0,2.0,"['Bon état', '10-20 ans']",18226.600985221678,Bon état,10-20 ans
Appartements,Maârif Extension,1700000,96.0,3.0,2.0,1.0,7.0,['Bon état'],17708.333333333332,Bon état,
Villas,Ain Diab,14500000,1250.0,16.0,7.0,4.0,0.0,['Bon état'],11600.0,Bon état,
Appartements,Maârif Extension,990000,107.0,3.0,2.0,2.0,3.0,"['Bon état', '5-10 ans']",9252.336448598133,Bon état,5-10 ans
Appartements,Palmier,2800000,155.0,4.0,3.0,2.0,8.0,['Bon état'],18064.516129032258,Bon état,
Appartements,Palmier,3650000,265.0,4.0,3.0,3.0,6.0,"['Bon état', '10-20 ans']",13773.584905660377,Bon état,10-20 ans
Appartements,Bourgogne Ouest,820000,48.0,2.0,1.0,1.0,4.0,"['Nouveau', ""Moins d'un an""]",17083.333333333332,Nouveau,Moins d'un an
Villas,Californie,5600000,252.0,4.0,3.0,3.0,0.0,"['Bon état', '1-5 ans']",22222.222222222223,Bon état,1-5 ans
Appartements,Palmier,2750000,153.0,6.0,3.0,2.0,7.0,"['Bon état', '5-10 ans']",17973.856209150326,Bon état,5-10 ans
Appartements,Maârif,1150000,73.0,3.0,2.0,2.0,3.0,"['Bon état', '5-10 ans']",15753.424657534246,Bon état,5-10 ans
Appartements,Gauthier,2200000,150.0,6.0,3.0,3.0,3.0,"['À rénover', '5-10 ans']",14666.666666666666,À rénover,5-10 ans
Villas,Sidi Maarouf,5400000,265.0,11.0,3.0,4.0,0.0,"['Nouveau', '5-10 ans']",20377.35849056604,Nouveau,5-10 ans
Appartements,Triangle d'Or,5300000,340.0,10.0,4.0,3.0,5.0,"['Nouveau', '10-20 ans']",15588.235294117649,Nouveau,10-20 ans
Appartements,Gauthier,2350000,132.0,7.0,3.0,2.0,5.0,"['Bon état', '10-20 ans']",17803.030303030304,Bon état,10-20 ans
Villas,CIL (Hay Salam),11000000,599.0,8.0,4.0,2.0,0.0,"['À rénover', '30-50 ans']",18363.93989983305,À rénover,30-50 ans
Villas,Bourgogne Ouest,7600000,487.0,7.0,4.0,3.0,0.0,"['Bon état', '10-20 ans']",15605.749486652978,Bon état,10-20 ans
Appartements,Sidi Maarouf,900000,93.0,3.0,2.0,1.0,1.0,"['Bon état', '5-10 ans']",9677.41935483871,Bon état,5-10 ans
Appartements,Maârif Extension,1790000,131.0,3.0,2.0,2.0,1.0,"['Nouveau', '1-5 ans']",13664.12213740458,Nouveau,1-5 ans
Villas,Ain Diab Extension,4500000,330.0,6.0,4.0,3.0,0.0,"['Bon état', '5-10 ans']",13636.363636363636,Bon état,5-10 ans
Appartements,CIL (Hay Salam),830000,34.0,2.0,1.0,1.0,3.0,"['Bon état', '30-50 ans']",24411.764705882357,Bon état,30-50 ans
Appartements,Bourgogne Ouest,1020000,83.0,2.0,2.0,2.0,3.0,['Bon état'],12289.156626506025,Bon état,
Appartements,Bourgogne Ouest,1200000,89.0,3.0,2.0,1.0,4.0,"['Bon état', '10-20 ans']",13483.14606741573,Bon état,10-20 ans
Villas,Californie,28880000,2500.0,10.0,6.0,5.0,0.0,[],11552.0,,
Appartements,Maârif Extension,1500000,124.0,5.0,2.0,2.0,4.0,"['Bon état', '5-10 ans']",12096.774193548386,Bon état,5-10 ans
Appartements,Maârif,1000000,96.0,4.0,4.0,2.0,4.0,"['Bon état', '20-30 ans']",10416.666666666666,Bon état,20-30 ans
Appartements,Sidi Maarouf,680000,80.0,2.0,2.0,1.0,3.0,"['Bon état', '10-20 ans']",8500.0,Bon état,10-20 ans
Appartements,Bourgogne Ouest,1100000,110.0,4.0,3.0,1.0,1.0,"['Bon état', '10-20 ans']",10000.0,Bon état,10-20 ans
Appartements,Val Fleury,1850000,132.0,5.0,3.0,2.0,2.0,"['Bon état', '5-10 ans']",14015.151515151516,Bon état,5-10 ans
Appartements,Les Hôpitaux,1270000,105.0,3.0,2.0,2.0,4.0,"['Bon état', '10-20 ans']",12095.238095238095,Bon état,10-20 ans
Appartements,Palmier,1800000,129.0,4.0,3.0,2.0,2.0,"['Bon état', '10-20 ans']",13953.488372093025,Bon état,10-20 ans
Appartements,Mers Sultan,1350000,109.0,4.0,3.0,2.0,5.0,"['Bon état', '10-20 ans']",12385.321100917432,Bon état,10-20 ans
Appartements,Anfa,3000000,186.0,5.0,3.0,2.0,10.0,"['Bon état', '20-30 ans']",16129.032258064515,Bon état,20-30 ans
Appartements,Racine,4250000,267.0,5.0,3.0,2.0,3.0,['Bon état'],15917.602996254682,Bon état,
Appartements,Maârif Extension,1400000,112.0,4.0,3.0,2.0,3.0,"['Bon état', '10-20 ans']",12500.0,Bon état,10-20 ans
Villas,Californie,50000000,2600.0,15.0,8.0,9.0,0.0,"['Bon état', '10-20 ans']",19230.76923076923,Bon état,10-20 ans
Appartements,Triangle d'Or,2500000,169.0,6.0,3.0,3.0,3.0,"['Bon état', '10-20 ans']",14792.899408284024,Bon état,10-20 ans
Appartements,Maârif Extension,1950000,150.0,5.0,3.0,2.0,1.0,"['Bon état', '10-20 ans']",13000.0,Bon état,10-20 ans
Appartements,Gauthier,1717500,51.0,2.0,1.0,2.0,3.0,['Nouveau'],33676.470588235294,Nouveau,
Appartements,Maârif,1780000,125.0,4.0,3.0,2.0,4.0,[],14240.0,,
Appartements,Bourgogne Ouest,1400000,105.0,3.0,2.0,2.0,7.0,['Bon état'],13333.333333333334,Bon état,
Appartements,Les Hôpitaux,1340000,115.0,3.0,2.0,2.0,5.0,"['Bon état', '10-20 ans']",11652.173913043478,Bon état,10-20 ans
Appartements,Les Hôpitaux,2480000,179.0,5.0,3.0,3.0,2.0,"['Bon état', '10-20 ans']",13854.748603351954,Bon état,10-20 ans
Villas,CIL (Hay Salam),5000000,240.0,4.0,3.0,4.0,0.0,['Bon état'],20833.33333333333,Bon état,
Villas,Californie,10000000,600.0,6.0,4.0,5.0,0.0,['Nouveau'],16666.666666666668,Nouveau,
Villas,Californie,9700000,575.0,7.0,4.0,4.0,0.0,['Bon état'],16869.565217391304,Bon état,
Appartements,Maârif Extension,3500000,230.0,5.0,3.0,3.0,5.0,"['Nouveau', '1-5 ans']",15217.391304347826,Nouveau,1-5 ans
Appartements,Racine,2650000,148.0,4.0,3.0,3.0,3.0,"['Bon état', '10-20 ans']",17905.405405405407,Bon état,10-20 ans
Appartements,Racine,2600000,169.0,4.0,3.0,3.0,5.0,"['Bon état', '10-20 ans']",15384.615384615385,Bon état,10-20 ans
Villas,Californie,13000000,1040.0,9.0,5.0,3.0,0.0,['À rénover'],12500.0,À rénover,
Appartements,Les princesses,2400000,188.0,5.0,3.0,2.0,2.0,"['Bon état', '5-10 ans']",12765.95744680851,Bon état,5-10 ans
Appartements,Racine,2450000,139.0,5.0,3.0,2.0,2.0,"['Bon état', '10-20 ans']",17625.89928057554,Bon état,10-20 ans
Villas,CIL (Hay Salam),12500000,700.0,7.0,4.0,4.0,0.0,"['Bon état', '10-20 ans']",17857.14285714286,Bon état,10-20 ans
Appartements,Ain Diab,3500000,153.0,4.0,3.0,3.0,2.0,"['Bon état', '10-20 ans']",22875.816993464054,Bon état,10-20 ans
Appartements,Les princesses,2235000,125.0,5.0,3.0,3.0,3.0,['Bon état'],17880.0,Bon état,
Appartements,Les Hôpitaux,3500000,245.0,6.0,3.0,3.0,2.0,['Bon état'],14285.714285714286,Bon état,
Appartements,Racine,2500000,126.0,5.0,3.0,2.0,2.0,['Bon état'],19841.26984126984,Bon état,
Villas,Ain Diab,7500000,385.0,6.0,4.0,2.0,0.0,"['Bon état', '5-10 ans']",19480.51948051948,Bon état,5-10 ans
Villas,Longchamps (Hay Al Hanâa),6800000,396.0,7.0,5.0,2.0,0.0,"['À rénover', '20-30 ans']",17171.717171717173,À rénover,20-30 ans
Appartements,Racine,2300000,129.0,3.0,2.0,2.0,4.0,"['Bon état', '5-10 ans']",17829.457364341084,Bon état,5-10 ans
Villas,Anfa,7300000,384.0,6.0,4.0,3.0,0.0,"['Bon état', '20-30 ans']",19010.416666666668,Bon état,20-30 ans
Appartements,Les Hôpitaux,1800000,129.0,4.0,2.0,2.0,3.0,"['Bon état', '5-10 ans']",13953.488372093025,Bon état,5-10 ans
Appartements,Bourgogne Ouest,1330000,53.0,2.0,1.0,1.0,3.0,"['Nouveau', '1-5 ans']",25094.33962264151,Nouveau,1-5 ans
Villas,Californie,8500000,620.0,7.0,5.0,4.0,0.0,[],13709.67741935484,,
Appartements,CIL (Hay Salam),2200000,192.0,3.0,2.0,3.0,4.0,"['Nouveau', '10-20 ans']",11458.333333333334,Nouveau,10-20 ans
Appartements,Aïn Sebaâ,650000,60.0,3.0,2.0,2.0,3.0,"['Bon état', '5-10 ans']",10833.333333333334,Bon état,5-10 ans
Appartements,Maârif,1250000,78.0,3.0,2.0,2.0,4.0,['Bon état'],16025.641025641024,Bon état,
Appartements,Les Hôpitaux,780000,44.0,2.0,1.0,1.0,4.0,"['Nouveau', ""Moins d'un an""]",17727.272727272728,Nouveau,Moins d'un an
Appartements,Bourgogne Ouest,1400000,75.0,2.0,1.0,1.0,5.0,['Bon état'],18666.666666666668,Bon état,
Appartements,Les Hôpitaux,1256000,84.0,3.0,2.0,1.0,4.0,['Bon état'],14952.380952380952,Bon état,
Appartements,Maârif,1890000,127.0,4.0,3.0,3.0,4.0,"['Bon état', '5-10 ans']",14881.889763779527,Bon état,5-10 ans
Villas,Ain Diab Extension,8200000,400.0,11.0,6.0,5.0,0.0,['Nouveau'],20500.0,Nouveau,
Appartements,Anfa,1200000,55.0,2.0,1.0,1.0,2.0,['Bon état'],21818.18181818182,Bon état,
Appartements,Californie,2500000,144.0,5.0,3.0,2.0,5.0,"['Bon état', '1-5 ans']",17361.11111111111,Bon état,1-5 ans
Appartements,Oulfa,1350000,129.0,4.0,2.0,2.0,2.0,"['Bon état', '20-30 ans']",10465.116279069767,Bon état,20-30 ans
Appartements,Sidi Maarouf,1600000,103.0,4.0,3.0,2.0,2.0,"['Bon état', '1-5 ans']",15533.980582524273,Bon état,1-5 ans
Appartements,Ain Diab,1100000,62.0,2.0,1.0,1.0,5.0,"['Bon état', '1-5 ans']",17741.935483870966,Bon état,1-5 ans
Appartements,Maârif Extension,1550000,100.0,7.0,3.0,2.0,4.0,"['Bon état', '5-10 ans']",15500.0,Bon état,5-10 ans
Appartements,Val Fleury,3100000,220.0,9.0,3.0,3.0,3.0,"['Bon état', '10-20 ans']",14090.90909090909,Bon état,10-20 ans
Villas,Hermitage,8800000,880.0,10.0,4.0,3.0,0.0,"['À rénover', '20-30 ans']",10000.0,À rénover,20-30 ans
Villas,Ain Diab,20631000,1058.0,9.0,4.0,4.0,0.0,"['À rénover', '20-30 ans']",19500.0,À rénover,20-30 ans
Appartements,Sidi Maarouf,500000,49.0,3.0,2.0,1.0,1.0,"['Bon état', '5-10 ans']",10204.081632653062,Bon état,5-10 ans
Villas,Ain Diab,8500000,477.0,7.0,5.0,4.0,0.0,"['Bon état', '5-10 ans']",17819.706498951782,Bon état,5-10 ans
Villas,Ain Diab,16000000,1050.0,6.0,4.0,5.0,0.0,"['Nouveau', '1-5 ans']",15238.09523809524,Nouveau,1-5 ans
Appartements,Oulfa,700000,84.0,6.0,4.0,1.0,3.0,"['Bon état', '10-20 ans']",8333.333333333334,Bon état,10-20 ans
Appartements,Maârif,4300000,215.0,4.0,4.0,2.0,2.0,"['À rénover', '20-30 ans']",20000.0,À rénover,20-30 ans
Appartements,Racine,4300000,256.0,4.0,3.0,1.0,2.0,"['À rénover', '20-30 ans']",16796.875,À rénover,20-30 ans
Villas,Anfa,16500000,680.0,10.0,4.0,5.0,0.0,['Nouveau'],24264.70588235294,Nouveau,
Appartements,Mers Sultan,3500000,222.0,3.0,3.0,3.0,5.0,"['Bon état', '10-20 ans']",15765.765765765766,Bon état,10-20 ans
Villas,Anfa,2800000,178.0,8.0,7.0,3.0,0.0,"['À rénover', '50-70 ans']",15730.337078651686,À rénover,50-70 ans
Appartements,Maârif,950000,58.0,2.0,1.0,1.0,4.0,"['Bon état', '5-10 ans']",16379.310344827589,Bon état,5-10 ans
Appartements,Les Hôpitaux,1490000,116.0,7.0,3.0,2.0,4.0,"['Bon état', '10-20 ans']",12844.827586206897,Bon état,10-20 ans
Appartements,Maârif Extension,3200000,220.0,5.0,3.0,2.0,1.0,['Bon état'],14545.454545454546,Bon état,
Appartements,Racine,2450000,164.0,4.0,2.0,2.0,4.0,['Bon état'],14939.024390243903,Bon état,
Appartements,Californie,1260000,153.0,6.0,2.0,2.0,2.0,"['Bon état', '1-5 ans']",8235.29411764706,Bon état,1-5 ans
Appartements,Palmier,2320000,145.0,6.0,3.0,2.0,3.0,['Bon état'],16000.0,Bon état,
Appartements,Oulfa,729000,73.0,3.0,2.0,1.0,2.0,"['Bon état', '10-20 ans']",9986.301369863011,Bon état,10-20 ans
Appartements,Triangle d'Or,3000000,175.0,5.0,3.0,3.0,1.0,"['Nouveau', '20-30 ans']",17142.85714285714,Nouveau,20-30 ans
Appartements,Gauthier,5000000,290.0,5.0,3.0,4.0,10.0,"['Nouveau', '1-5 ans']",17241.379310344826,Nouveau,1-5 ans
Appartements,Bourgogne Ouest,1500000,99.0,4.0,2.0,2.0,4.0,"['Bon état', '10-20 ans']",15151.515151515152,Bon état,10-20 ans
Villas,Sidi Maarouf,1950000,200.0,3.0,4.0,2.0,0.0,"['Bon état', '5-10 ans']",9750.0,Bon état,5-10 ans
Appartements,Racine,2800000,150.0,5.0,3.0,4.0,3.0,"['Bon état', '10-20 ans']",18666.666666666668,Bon état,10-20 ans
Appartements,Triangle d'Or,2450000,140.0,7.0,2.0,2.0,2.0,"['Bon état', '10-20 ans']",17500.0,Bon état,10-20 ans
Appartements,Maârif Extension,1760000,119.0,6.0,3.0,2.0,4.0,['Bon état'],14789.915966386554,Bon état,
Appartements,Les Hôpitaux,2873000,221.0,6.0,3.0,3.0,1.0,"['À rénover', '20-30 ans']",13000.0,À rénover,20-30 ans
Appartements,Bourgogne Ouest,800000,75.0,2.0,1.0,1.0,6.0,['Bon état'],10666.666666666666,Bon état,
Appartements,Californie,3200000,193.0,4.0,3.0,2.0,2.0,"['Bon état', '1-5 ans']",16580.310880829016,Bon état,1-5 ans
Appartements,CIL (Hay Salam),1450000,120.0,4.0,3.0,2.0,3.0,"['Bon état', '10-20 ans']",12083.333333333334,Bon état,10-20 ans
Appartements,Racine,3800000,150.0,5.0,3.0,2.0,3.0,['Bon état'],25333.33333333333,Bon état,
Appartements,Oulfa,900000,87.0,4.0,2.0,1.0,2.0,"['Bon état', '10-20 ans']",10344.827586206897,Bon état,10-20 ans
Appartements,Les Hôpitaux,760000,45.0,2.0,1.0,1.0,3.0,"['À rénover', '5-10 ans']",16888.88888888889,À rénover,5-10 ans
Appartements,Belvédère,750000,51.0,2.0,1.0,1.0,1.0,"['Nouveau', ""Moins d'un an""]",14705.882352941177,Nouveau,Moins d'un an
Appartements,Les Hôpitaux,1250000,91.0,3.0,2.0,2.0,3.0,"['Bon état', '10-20 ans']",13736.263736263736,Bon état,10-20 ans
Appartements,Bourgogne Ouest,1480000,120.0,3.0,2.0,2.0,3.0,[],12333.333333333334,,
Appartements,Palmier,1560000,110.0,4.0,3.0,2.0,2.0,"['Bon état', '10-20 ans']",14181.818181818182,Bon état,10-20 ans
Appartements,Triangle d'Or,1590000,86.0,3.0,2.0,1.0,3.0,"['Bon état', '10-20 ans']",18488.372093023256,Bon état,10-20 ans
Appartements,Belvédère,680000,45.0,4.0,1.0,1.0,4.0,"['Nouveau', '1-5 ans']",15111.111111111111,Nouveau,1-5 ans
Appartements,Les Hôpitaux,4800000,577.0,7.0,5.0,3.0,4.0,"['Bon état', '20-30 ans']",8318.890814558059,Bon état,20-30 ans
Appartements,Bourgogne Ouest,2000000,104.0,4.0,3.0,2.0,5.0,['Bon état'],19230.76923076923,Bon état,
Appartements,Maârif,820000,43.0,4.0,1.0,1.0,1.0,"['Bon état', '5-10 ans']",19069.767441860466,Bon état,5-10 ans
Appartements,Belvédère,810000,68.0,2.0,1.0,1.0,4.0,"['Bon état', '10-20 ans']",11911.764705882351,Bon état,10-20 ans
Appartements,Maârif Extension,2000000,100.0,3.0,2.0,2.0,4.0,['Bon état'],20000.0,Bon état,
Appartements,Anfa,2400000,179.0,6.0,2.0,3.0,20.0,"['Bon état', '20-30 ans']",13407.82122905028,Bon état,20-30 ans
Appartements,Ain Diab,4300000,230.0,4.0,3.0,3.0,1.0,"['Bon état', '1-5 ans']",18695.652173913044,Bon état,1-5 ans
Appartements,Bourgogne Ouest,1950000,131.0,5.0,3.0,2.0,4.0,"['Bon état', '5-10 ans']",14885.496183206107,Bon état,5-10 ans
Appartements,Aïn Sebaâ,380000,56.0,1.0,2.0,2.0,3.0,"['Bon état', '10-20 ans']",6785.714285714285,Bon état,10-20 ans
Appartements,Palmier,3200000,169.0,4.0,3.0,2.0,3.0,"['Bon état', '5-10 ans']",18934.91124260355,Bon état,5-10 ans
Appartements,Oasis,1950000,136.0,10.0,3.0,2.0,2.0,"['Bon état', '5-10 ans']",14338.235294117649,Bon état,5-10 ans
Appartements,Val Fleury,2650000,164.0,5.0,3.0,2.0,12.0,"['Bon état', '10-20 ans']",16158.536585365851,Bon état,10-20 ans
Villas,Polo,8400000,805.0,4.0,4.0,3.0,0.0,"['Bon état', '10-20 ans']",10434.782608695652,Bon état,10-20 ans
Villas,Oasis,10800000,935.0,12.0,7.0,8.0,0.0,['Bon état'],11550.802139037432,Bon état,
Appartements,Belvédère,1150000,141.0,3.0,2.0,2.0,2.0,"['Bon état', '5-10 ans']",8156.0283687943265,Bon état,5-10 ans
Villas,Californie,12000000,860.0,5.0,4.0,3.0,0.0,['Bon état'],13953.488372093025,Bon état,
Appartements,Anfa,2190000,131.0,3.0,2.0,2.0,4.0,"['À rénover', '10-20 ans']",16717.557251908398,À rénover,10-20 ans
Appartements,Aïn Sebaâ,935000,89.0,3.0,2.0,2.0,2.0,"['Nouveau', ""Moins d'un an""]",10505.61797752809,Nouveau,Moins d'un an
Appartements,Aïn Sebaâ,550000,50.0,2.0,1.0,1.0,2.0,"['Nouveau', ""Moins d'un an""]",11000.0,Nouveau,Moins d'un an
Appartements,Triangle d'Or,5000000,269.0,6.0,5.0,4.0,5.0,"['Bon état', '5-10 ans']",18587.36059479554,Bon état,5-10 ans
Villas,Ain Diab Extension,10000000,600.0,6.0,3.0,5.0,0.0,['Bon état'],16666.666666666668,Bon état,
Appartements,Les Hôpitaux,1730000,128.0,5.0,3.0,2.0,5.0,"['Bon état', '10-20 ans']",13515.625,Bon état,10-20 ans
Appartements,Racine,3800000,190.0,5.0,3.0,3.0,4.0,"['Bon état', '10-20 ans']",20000.0,Bon état,10-20 ans
Appartements,Sidi Maarouf,1300000,123.0,4.0,2.0,2.0,1.0,['Bon état'],10569.105691056911,Bon état,
Villas,Sidi Maarouf,2950000,303.0,5.0,5.0,5.0,0.0,"['Nouveau', '5-10 ans']",9735.973597359736,Nouveau,5-10 ans
Villas,Californie,13500000,1000.0,9.0,6.0,5.0,0.0,"['Bon état', '10-20 ans']",13500.0,Bon état,10-20 ans
Appartements,Maârif Extension,790000,99.0,3.0,2.0,2.0,5.0,"['Bon état', '10-20 ans']",7979.79797979798,Bon état,10-20 ans
Appartements,Ain Diab,880000,58.0,2.0,1.0,1.0,7.0,"['Bon état', '10-20 ans']",15172.413793103447,Bon état,10-20 ans
Appartements,Oulfa,450000,60.0,4.0,2.0,1.0,1.0,"['Bon état', '5-10 ans']",7500.0,Bon état,5-10 ans
Appartements,Racine,2990000,143.0,4.0,3.0,2.0,2.0,['Bon état'],20909.090909090908,Bon état,
Appartements,La Gironde,1350000,97.0,4.0,2.0,2.0,5.0,"['Bon état', '10-20 ans']",13917.525773195875,Bon état,10-20 ans
Villas,Sidi Maarouf,4500000,440.0,5.0,4.0,3.0,0.0,['Bon état'],10227.272727272728,Bon état,
Appartements,Sidi Maarouf,1130000,80.0,3.0,2.0,2.0,3.0,"['Nouveau', '1-5 ans']",14125.0,Nouveau,1-5 ans
Appartements,Aïn Sebaâ,680000,64.0,2.0,1.0,1.0,3.0,"['Nouveau', '5-10 ans']",10625.0,Nouveau,5-10 ans
Villas,Californie,15500000,1025.0,7.0,4.0,5.0,0.0,"['Nouveau', '10-20 ans']",15121.951219512195,Nouveau,10-20 ans
Appartements,Triangle d'Or,1900000,91.0,4.0,2.0,2.0,1.0,"['Bon état', '5-10 ans']",20879.12087912088,Bon état,5-10 ans
Appartements,Les Hôpitaux,1100000,79.0,3.0,2.0,1.0,2.0,"['Bon état', '10-20 ans']",13924.050632911392,Bon état,10-20 ans
Appartements,Les Hôpitaux,1500000,111.0,4.0,3.0,2.0,4.0,"['Bon état', '10-20 ans']",13513.513513513511,Bon état,10-20 ans
Appartements,La Gironde,1500000,100.0,4.0,2.0,2.0,5.0,"['Bon état', '10-20 ans']",15000.0,Bon état,10-20 ans
Appartements,Val Fleury,1950000,139.0,3.0,3.0,2.0,3.0,"['Bon état', '5-10 ans']",14028.776978417269,Bon état,5-10 ans
Appartements,Maârif,3200000,256.0,4.0,3.0,2.0,4.0,['Bon état'],12500.0,Bon état,
Appartements,Les princesses,1200000,68.0,3.0,1.0,1.0,1.0,"['Nouveau', ""Moins d'un an""]",17647.058823529413,Nouveau,Moins d'un an
Appartements,Gauthier,1500000,79.0,3.0,2.0,1.0,8.0,"['Bon état', '10-20 ans']",18987.3417721519,Bon état,10-20 ans
Appartements,Oulfa,997000,95.0,5.0,3.0,1.0,1.0,"['Bon état', '1-5 ans']",10494.736842105263,Bon état,1-5 ans
Villas,Oasis,9500000,930.0,8.0,5.0,4.0,0.0,['À rénover'],10215.05376344086,À rénover,
Appartements,Triangle d'Or,1700000,86.0,3.0,2.0,2.0,5.0,['Bon état'],19767.441860465115,Bon état,
Appartements,Bourgogne Ouest,1200000,82.0,3.0,2.0,1.0,2.0,"['À rénover', '10-20 ans']",14634.146341463416,À rénover,10-20 ans
Appartements,Oulfa,300000,54.0,3.0,2.0,1.0,4.0,"['Bon état', '1-5 ans']",5555.555555555556,Bon état,1-5 ans
Appartements,Maârif Extension,1450000,112.0,4.0,2.0,1.0,2.0,['Bon état'],12946.42857142857,Bon état,
Appartements,Californie,1750000,125.0,5.0,3.0,2.0,1.0,"['Nouveau', '1-5 ans']",14000.0,Nouveau,1-5 ans
Villas,Oulfa,3950000,400.0,7.0,4.0,4.0,0.0,"['Bon état', '1-5 ans']",9875.0,Bon état,1-5 ans
Appartements,Bourgogne Ouest,2089000,137.0,8.0,3.0,3.0,5.0,"['Bon état', '10-20 ans']",15248.175182481751,Bon état,10-20 ans
Appartements,Belvédère,780000,88.0,3.0,2.0,1.0,4.0,"['Bon état', '10-20 ans']",8863.636363636364,Bon état,10-20 ans
Appartements,Maârif Extension,700000,63.0,3.0,2.0,1.0,2.0,"['Bon état', '30-50 ans']",11111.111111111111,Bon état,30-50 ans
Appartements,Bourgogne Ouest,1340000,124.0,3.0,2.0,2.0,1.0,"['Bon état', '10-20 ans']",10806.451612903224,Bon état,10-20 ans
Appartements,Sidi Maarouf,420000,59.0,3.0,2.0,1.0,1.0,"['Bon état', '10-20 ans']",7118.64406779661,Bon état,10-20 ans
Appartements,Maârif Extension,1030000,100.0,3.0,2.0,2.0,3.0,"['Bon état', '5-10 ans']",10300.0,Bon état,5-10 ans
Appartements,Racine,3950000,160.0,7.0,3.0,3.0,3.0,['Nouveau'],24687.5,Nouveau,
Appartements,Racine,5100000,275.0,8.0,3.0,3.0,2.0,['Bon état'],18545.454545454544,Bon état,
Appartements,Gauthier,950000,64.0,1.0,1.0,1.0,1.0,"['Bon état', '10-20 ans']",14843.75,Bon état,10-20 ans
Appartements,Racine,3150000,160.0,7.0,3.0,3.0,3.0,"['Bon état', '10-20 ans']",19687.5,Bon état,10-20 ans
Villas,Anfa Supérieur,24000000,805.0,6.0,4.0,3.0,0.0,"['Bon état', '5-10 ans']",29813.66459627329,Bon état,5-10 ans
Appartements,Les Hôpitaux,2500000,210.0,5.0,3.0,2.0,1.0,"['Bon état', '10-20 ans']",11904.761904761905,Bon état,10-20 ans
Appartements,Mers Sultan,2500000,158.0,5.0,3.0,2.0,4.0,"['Bon état', '10-20 ans']",15822.784810126584,Bon état,10-20 ans
Appartements,Maârif,1150000,101.0,1.0,3.0,2.0,2.0,"['Bon état', '20-30 ans']",11386.138613861383,Bon état,20-30 ans
Appartements,Les princesses,2100000,116.0,3.0,3.0,2.0,4.0,"['Nouveau', ""Moins d'un an""]",18103.44827586207,Nouveau,Moins d'un an
Appartements,Belvédère,1100000,95.0,3.0,2.0,2.0,2.0,"['Bon état', '10-20 ans']",11578.947368421052,Bon état,10-20 ans
Appartements,Belvédère,1850000,134.0,1.0,3.0,2.0,5.0,"['Bon état', '10-20 ans']",13805.970149253732,Bon état,10-20 ans
Appartements,Maârif Extension,1200000,56.0,2.0,1.0,1.0,4.0,"['Bon état', '5-10 ans']",21428.571428571428,Bon état,5-10 ans
Appartements,Maârif,1120000,81.0,4.0,2.0,2.0,5.0,['Bon état'],13827.16049382716,Bon état,
Appartements,Val Fleury,1590000,124.0,3.0,2.0,1.0,1.0,"['Bon état', '5-10 ans']",12822.58064516129,Bon état,5-10 ans
Appartements,Les princesses,1000000,42.0,2.0,1.0,1.0,5.0,"['Nouveau', ""Moins d'un an""]",23809.52380952381,Nouveau,Moins d'un an
Appartements,Gauthier,2050000,113.0,4.0,2.0,2.0,5.0,"['Bon état', '10-20 ans']",18141.59292035398,Bon état,10-20 ans
Villas,Ain Diab Extension,7100000,365.0,10.0,5.0,3.0,0.0,"['Bon état', '5-10 ans']",19452.054794520547,Bon état,5-10 ans
Appartements,Californie,960000,95.0,5.0,3.0,1.0,4.0,"['Bon état', '5-10 ans']",10105.263157894737,Bon état,5-10 ans
Appartements,Val Fleury,1200000,55.0,3.0,1.0,1.0,2.0,"['Nouveau', ""Moins d'un an""]",21818.18181818182,Nouveau,Moins d'un an
Villas,Sidi Maarouf,2200000,80.0,7.0,5.0,2.0,0.0,['Bon état'],27500.0,Bon état,
Appartements,Oulfa,1100000,97.0,3.0,3.0,2.0,2.0,"['Bon état', '5-10 ans']",11340.20618556701,Bon état,5-10 ans
Appartements,Les Hôpitaux,2100000,196.0,4.0,3.0,2.0,4.0,"['Bon état', '10-20 ans']",10714.285714285714,Bon état,10-20 ans
Appartements,Maârif,1220000,75.0,3.0,2.0,1.0,5.0,"['Bon état', '5-10 ans']",16266.666666666666,Bon état,5-10 ans
Appartements,Anfa,950000,46.0,2.0,1.0,1.0,4.0,"['Bon état', '5-10 ans']",20652.17391304348,Bon état,5-10 ans
Appartements,La Gironde,830000,83.0,3.0,2.0,1.0,5.0,"['Bon état', '5-10 ans']",10000.0,Bon état,5-10 ans
Appartements,Californie,1400000,120.0,8.0,3.0,1.0,3.0,"['Bon état', '10-20 ans']",11666.666666666666,Bon état,10-20 ans
Appartements,Oulfa,720000,102.0,5.0,3.0,1.0,2.0,['Bon état'],7058.823529411765,Bon état,
Villas,Californie,7800000,440.0,8.0,4.0,3.0,0.0,"['Nouveau', '5-10 ans']",17727.272727272728,Nouveau,5-10 ans
Appartements,Belvédère,1000100,71.0,3.0,2.0,2.0,3.0,"['Nouveau', '1-5 ans']",14085.915492957747,Nouveau,1-5 ans
Appartements,Racine,7000000,350.0,7.0,3.0,3.0,1.0,"['Nouveau', '1-5 ans']",20000.0,Nouveau,1-5 ans
Appartements,Gauthier,3150000,138.0,6.0,2.0,2.0,6.0,['Nouveau'],22826.08695652174,Nouveau,
Appartements,Casablanca Finance City,6200000,206.0,10.0,3.0,3.0,8.0,"['Nouveau', '1-5 ans']",30097.087378640776,Nouveau,1-5 ans
Appartements,Triangle d'Or,5400000,373.0,6.0,3.0,3.0,1.0,['Bon état'],14477.21179624665,Bon état,
Appartements,Maârif Extension,1850000,105.0,3.0,2.0,2.0,5.0,['Bon état'],17619.04761904762,Bon état,
Appartements,Les princesses,1650000,100.0,3.0,2.0,2.0,1.0,['Bon état'],16500.0,Bon état,
Villas,CIL (Hay Salam),4500000,286.0,9.0,3.0,3.0,0.0,['Bon état'],15734.265734265737,Bon état,
Appartements,Sidi Maarouf,660000,62.0,3.0,2.0,1.0,2.0,"['Bon état', '10-20 ans']",10645.16129032258,Bon état,10-20 ans
Villas,Anfa,6300000,360.0,7.0,3.0,4.0,0.0,['Bon état'],17500.0,Bon état,
Appartements,Californie,1250000,89.0,3.0,2.0,2.0,4.0,"['Bon état', '5-10 ans']",14044.943820224718,Bon état,5-10 ans
Appartements,Les princesses,1250000,80.0,6.0,2.0,2.0,3.0,"['Bon état', '10-20 ans']",15625.0,Bon état,10-20 ans
Appartements,Aïn Sebaâ,750000,76.0,6.0,2.0,2.0,4.0,"['Nouveau', ""Moins d'un an""]",9868.421052631578,Nouveau,Moins d'un an
Appartements,Aïn Sebaâ,1050000,110.0,6.0,2.0,2.0,1.0,"['Nouveau', ""Moins d'un an""]",9545.454545454546,Nouveau,Moins d'un an
Appartements,Aïn Sebaâ,934500,89.0,6.0,2.0,2.0,2.0,"['Nouveau', ""Moins d'un an""]",10500.0,Nouveau,Moins d'un an
Appartements,Aïn Sebaâ,934500,100.0,6.0,2.0,2.0,3.0,['Nouveau'],9345.0,Nouveau,
Appartements,Aïn Sebaâ,616000,56.0,3.0,1.0,1.0,1.0,"['Nouveau', ""Moins d'un an""]",11000.0,Nouveau,Moins d'un an
Appartements,Aïn Sebaâ,770000,70.0,4.0,1.0,2.0,1.0,"['Nouveau', ""Moins d'un an""]",11000.0,Nouveau,Moins d'un an
Appartements,Aïn Sebaâ,693000,65.0,3.0,1.0,1.0,1.0,"['Nouveau', ""Moins d'un an""]",10661.53846153846,Nouveau,Moins d'un an
Villas,Ain Diab,30000000,2100.0,8.0,5.0,5.0,0.0,"['Bon état', '10-20 ans']",14285.714285714286,Bon état,10-20 ans
Appartements,Oulfa,1350000,124.0,7.0,3.0,2.0,3.0,['Bon état'],10887.09677419355,Bon état,
Appartements,Racine,1550000,75.0,2.0,1.0,2.0,1.0,"['Nouveau', '1-5 ans']",20666.666666666668,Nouveau,1-5 ans
Appartements,Aïn Sebaâ,1520000,150.0,7.0,5.0,3.0,1.0,"['Bon état', '5-10 ans']",10133.333333333334,Bon état,5-10 ans
Appartements,Bourgogne Ouest,950000,63.0,2.0,2.0,2.0,3.0,"['Bon état', '10-20 ans']",15079.36507936508,Bon état,10-20 ans
Appartements,Bourgogne Ouest,3100000,179.0,3.0,3.0,2.0,4.0,"['Bon état', '5-10 ans']",17318.435754189944,Bon état,5-10 ans
Appartements,Anfa,2200000,175.0,3.0,3.0,2.0,4.0,"['Bon état', '20-30 ans']",12571.42857142857,Bon état,20-30 ans
Appartements,Bourgogne Ouest,770000,87.0,4.0,2.0,1.0,4.0,"['Bon état', '20-30 ans']",8850.574712643678,Bon état,20-30 ans
Appartements,Bourgogne Ouest,3200000,191.0,3.0,3.0,3.0,4.0,"['Nouveau', '1-5 ans']",16753.92670157068,Nouveau,1-5 ans
Appartements,Bourgogne Ouest,1330000,90.0,4.0,2.0,2.0,2.0,"['Bon état', '5-10 ans']",14777.777777777776,Bon état,5-10 ans
Appartements,Maârif Extension,1350000,103.0,3.0,2.0,2.0,2.0,"['Bon état', '5-10 ans']",13106.796116504856,Bon état,5-10 ans
Appartements,Maârif,1200000,80.0,8.0,2.0,1.0,3.0,"['Bon état', '10-20 ans']",15000.0,Bon état,10-20 ans
Villas,Ain Diab,44000000,2250.0,8.0,4.0,4.0,0.0,['Bon état'],19555.555555555555,Bon état,
Appartements,Maârif Extension,1450000,99.0,2.0,2.0,1.0,3.0,['Bon état'],14646.464646464648,Bon état,
Appartements,Californie,2100000,134.0,4.0,3.0,2.0,3.0,"['Bon état', '5-10 ans']",15671.641791044776,Bon état,5-10 ans
Appartements,Racine,3400000,195.0,4.0,3.0,2.0,5.0,"['Bon état', '10-20 ans']",17435.897435897437,Bon état,10-20 ans
Appartements,Oulfa,980000,85.0,3.0,2.0,1.0,2.0,"['Bon état', '5-10 ans']",11529.411764705885,Bon état,5-10 ans
Appartements,Palmier,1300000,65.0,3.0,2.0,2.0,4.0,"['Nouveau', ""Moins d'un an""]",20000.0,Nouveau,Moins d'un an
Appartements,La Gironde,850000,76.0,6.0,2.0,2.0,2.0,"['Nouveau', ""Moins d'un an""]",11184.21052631579,Nouveau,Moins d'un an
Appartements,Aïn Sebaâ,660000,74.0,4.0,3.0,1.0,4.0,['Bon état'],8918.918918918918,Bon état,
Appartements,Maârif,1490000,92.0,3.0,2.0,2.0,4.0,"['Bon état', ""Moins d'un an""]",16195.652173913044,Bon état,Moins d'un an
Appartements,Casablanca Finance City,6200000,257.0,5.0,4.0,3.0,1.0,['Nouveau'],24124.513618677043,Nouveau,
Appartements,Casablanca Finance City,3025000,126.0,3.0,2.0,2.0,1.0,['Nouveau'],24007.93650793651,Nouveau,
Villas,Aïn Sebaâ,3600000,392.0,4.0,10.0,4.0,0.0,"['Bon état', '20-30 ans']",9183.673469387755,Bon état,20-30 ans
Appartements,Racine,5990000,244.0,3.0,3.0,3.0,5.0,"['Bon état', '5-10 ans']",24549.180327868853,Bon état,5-10 ans
Villas,Anfa,36000000,1600.0,10.0,5.0,5.0,0.0,"['Bon état', '10-20 ans']",22500.0,Bon état,10-20 ans
Appartements,Les princesses,2100000,118.0,2.0,2.0,1.0,7.0,"['Nouveau', '1-5 ans']",17796.610169491527,Nouveau,1-5 ans
Appartements,Les princesses,2100000,113.0,4.0,3.0,2.0,4.0,"['Bon état', '1-5 ans']",18584.07079646017,Bon état,1-5 ans
Appartements,Maârif Extension,1495000,106.0,3.0,2.0,2.0,2.0,"['Bon état', '5-10 ans']",14103.77358490566,Bon état,5-10 ans
Appartements,Aïn Sebaâ,550000,57.0,3.0,3.0,1.0,4.0,"['Bon état', '10-20 ans']",9649.122807017544,Bon état,10-20 ans
Appartements,Bourgogne Ouest,2600000,131.0,1.0,3.0,3.0,3.0,"['Bon état', '5-10 ans']",19847.32824427481,Bon état,5-10 ans
Villas,Ain Diab,7700000,574.0,5.0,4.0,4.0,0.0,"['Bon état', '10-20 ans']",13414.634146341465,Bon état,10-20 ans
Appartements,Oasis,1100000,55.0,2.0,1.0,2.0,2.0,"['Nouveau', ""Moins d'un an""]",20000.0,Nouveau,Moins d'un an
Appartements,Racine,3950000,238.0,5.0,3.0,2.0,4.0,['Bon état'],16596.638655462186,Bon état,
Appartements,Californie,1725000,130.0,5.0,3.0,2.0,3.0,"['Bon état', '5-10 ans']",13269.23076923077,Bon état,5-10 ans
Appartements,La Gironde,880000,91.0,3.0,2.0,2.0,1.0,['Nouveau'],9670.329670329673,Nouveau,
Appartements,Les Hôpitaux,1680000,112.0,3.0,2.0,2.0,1.0,['Nouveau'],15000.0,Nouveau,
Appartements,Les Hôpitaux,1287900,80.0,3.0,2.0,2.0,1.0,['Nouveau'],16098.75,Nouveau,
Appartements,CIL (Hay Salam),3100000,150.0,4.0,2.0,2.0,2.0,"['Bon état', ""Moins d'un an""]",20666.666666666668,Bon état,Moins d'un an
Villas,Anfa,18500000,1000.0,9.0,5.0,5.0,0.0,['Nouveau'],18500.0,Nouveau,
Appartements,Bourgogne Ouest,1300000,81.0,3.0,3.0,2.0,1.0,"['Nouveau', '5-10 ans']",16049.382716049382,Nouveau,5-10 ans
Appartements,Bourgogne Ouest,2850000,219.0,4.0,3.0,2.0,3.0,"['Bon état', '10-20 ans']",13013.698630136989,Bon état,10-20 ans
Appartements,Gauthier,1500000,74.0,2.0,1.0,1.0,1.0,"['Nouveau', ""Moins d'un an""]",20270.27027027027,Nouveau,Moins d'un an
Appartements,Maârif,2800000,163.0,5.0,3.0,3.0,2.0,"['À rénover', '10-20 ans']",17177.914110429447,À rénover,10-20 ans
Appartements,Aïn Sebaâ,750000,84.0,4.0,2.0,1.0,3.0,"['Bon état', '10-20 ans']",8928.57142857143,Bon état,10-20 ans
Appartements,Anfa,2150000,133.0,4.0,3.0,2.0,4.0,['Bon état'],16165.413533834586,Bon état,
Villas,Californie,14000000,1200.0,6.0,5.0,4.0,0.0,['Bon état'],11666.666666666666,Bon état,
Appartements,Racine,3250000,123.0,3.0,2.0,3.0,5.0,"['Nouveau', ""Moins d'un an""]",26422.76422764228,Nouveau,Moins d'un an
Appartements,Triangle d'Or,2750000,150.0,5.0,3.0,2.0,1.0,"['Bon état', '10-20 ans']",18333.33333333333,Bon état,10-20 ans
Appartements,Racine,4900000,318.0,5.0,4.0,3.0,2.0,"['Bon état', '10-20 ans']",15408.805031446542,Bon état,10-20 ans
Appartements,Palmier,3100000,168.0,4.0,3.0,2.0,3.0,['Bon état'],18452.380952380958,Bon état,
Villas,Ain Diab Extension,7700000,400.0,6.0,4.0,4.0,0.0,"['Bon état', '5-10 ans']",19250.0,Bon état,5-10 ans
Appartements,Mers Sultan,1600000,132.0,8.0,3.0,2.0,1.0,"['Bon état', ""Moins d'un an""]",12121.212121212122,Bon état,Moins d'un an
Appartements,Les Hôpitaux,2500000,153.0,4.0,3.0,2.0,8.0,"['À rénover', '10-20 ans']",16339.869281045752,À rénover,10-20 ans
Appartements,CIL (Hay Salam),2500000,136.0,4.0,3.0,2.0,3.0,"['Bon état', '5-10 ans']",18382.352941176472,Bon état,5-10 ans
Appartements,Californie,1300000,100.0,4.0,2.0,2.0,3.0,"['Bon état', '10-20 ans']",13000.0,Bon état,10-20 ans
Villas,Sidi Maarouf,2750000,320.0,8.0,5.0,5.0,0.0,"['Bon état', '1-5 ans']",8593.75,Bon état,1-5 ans
Appartements,Oulfa,640000,74.0,3.0,2.0,2.0,3.0,"['Bon état', '10-20 ans']",8648.648648648648,Bon état,10-20 ans
Appartements,La Gironde,1150000,109.0,4.0,3.0,2.0,3.0,"['Bon état', '5-10 ans']",10550.45871559633,Bon état,5-10 ans
Villas,Californie,8000000,510.0,13.0,4.0,3.0,0.0,"['Bon état', '10-20 ans']",15686.27450980392,Bon état,10-20 ans
Appartements,Racine,4000000,176.0,6.0,3.0,3.0,5.0,"['Bon état', '10-20 ans']",22727.272727272728,Bon état,10-20 ans
Appartements,Les princesses,2150000,108.0,6.0,2.0,2.0,4.0,"['Nouveau', ""Moins d'un an""]",19907.40740740741,Nouveau,Moins d'un an
Villas,Longchamps (Hay Al Hanâa),13500000,972.0,12.0,4.0,4.0,0.0,"['À rénover', '20-30 ans']",13888.888888888889,À rénover,20-30 ans
Appartements,Racine,2200000,112.0,4.0,3.0,3.0,5.0,"['Bon état', '10-20 ans']",19642.85714285714,Bon état,10-20 ans
Appartements,Maârif Extension,950000,55.0,1.0,1.0,1.0,2.0,"['Bon état', '1-5 ans']",17272.727272727272,Bon état,1-5 ans
Appartements,Maârif,4900000,318.0,7.0,5.0,4.0,3.0,"['Bon état', '1-5 ans']",15408.805031446542,Bon état,1-5 ans
Villas,Longchamps (Hay Al Hanâa),16000000,525.0,7.0,4.0,6.0,0.0,"['Nouveau', ""Moins d'un an""]",30476.19047619048,Nouveau,Moins d'un an
Appartements,Oulfa,500000,57.0,3.0,2.0,2.0,1.0,"['Bon état', '1-5 ans']",8771.929824561403,Bon état,1-5 ans
Appartements,Sidi Maarouf,370000,55.0,3.0,2.0,2.0,4.0,['Bon état'],6727.272727272727,Bon état,
Appartements,Mers Sultan,1000000,71.0,4.0,2.0,1.0,4.0,['Bon état'],14084.50704225352,Bon état,
Appartements,Maârif Extension,2500000,161.0,3.0,2.0,2.0,3.0,['Bon état'],15527.950310559008,Bon état,
Villas,Ain Diab,11950000,567.0,10.0,4.0,4.0,0.0,['Bon état'],21075.83774250441,Bon état,
Villas,Ain Diab,9500000,414.0,10.0,4.0,4.0,0.0,"['Bon état', '10-20 ans']",22946.859903381643,Bon état,10-20 ans
Appartements,Californie,1780000,110.0,4.0,3.0,2.0,5.0,['Bon état'],16181.818181818182,Bon état,
Appartements,Maârif Extension,3200000,175.0,4.0,3.0,2.0,1.0,['Bon état'],18285.714285714286,Bon état,
Appartements,Californie,1100000,86.0,2.0,2.0,2.0,3.0,"['Bon état', '5-10 ans']",12790.697674418603,Bon état,5-10 ans
Appartements,Belvédère,750000,85.0,3.0,2.0,1.0,5.0,"['Bon état', '10-20 ans']",8823.529411764706,Bon état,10-20 ans
Appartements,Racine,2600000,126.0,4.0,2.0,2.0,3.0,"['Bon état', '10-20 ans']",20634.92063492064,Bon état,10-20 ans
Appartements,Maârif,2500000,193.0,5.0,2.0,2.0,5.0,"['Bon état', '5-10 ans']",12953.36787564767,Bon état,5-10 ans
Appartements,Racine,1550000,83.0,2.0,1.0,1.0,5.0,"['Bon état', '1-5 ans']",18674.698795180724,Bon état,1-5 ans
Appartements,Les Hôpitaux,1180000,72.0,2.0,1.0,1.0,7.0,"['Bon état', '5-10 ans']",16388.88888888889,Bon état,5-10 ans
Appartements,Les Hôpitaux,1460000,124.0,3.0,2.0,2.0,4.0,"['Bon état', '5-10 ans']",11774.193548387097,Bon état,5-10 ans
Appartements,Belvédère,800000,96.0,2.0,1.0,2.0,7.0,['Bon état'],8333.333333333334,Bon état,
Villas,Californie,39000000,1700.0,9.0,6.0,6.0,0.0,['Bon état'],22941.176470588234,Bon état,
Appartements,Maârif,3265000,227.0,5.0,3.0,3.0,5.0,[],14383.259911894273,,
Appartements,Maârif,1540000,106.0,3.0,2.0,2.0,3.0,[],14528.301886792451,,
Villas,Californie,6900000,436.0,7.0,4.0,4.0,0.0,"['Bon état', '10-20 ans']",15825.688073394496,Bon état,10-20 ans
Appartements,Sidi Maarouf,1100000,125.0,5.0,3.0,2.0,1.0,"['Bon état', '5-10 ans']",8800.0,Bon état,5-10 ans
Appartements,Sidi Maarouf,775000,70.0,3.0,2.0,1.0,3.0,"['Bon état', '10-20 ans']",11071.42857142857,Bon état,10-20 ans
Appartements,Belvédère,780000,51.0,2.0,1.0,1.0,1.0,"['Nouveau', ""Moins d'un an""]",15294.117647058823,Nouveau,Moins d'un an
Appartements,Les Hôpitaux,1300000,113.0,4.0,2.0,2.0,1.0,"['Bon état', '10-20 ans']",11504.424778761062,Bon état,10-20 ans
Appartements,Val Fleury,1022000,73.0,4.0,2.0,2.0,5.0,"['Bon état', '5-10 ans']",14000.0,Bon état,5-10 ans
Appartements,Hermitage,1097000,64.0,3.0,2.0,1.0,2.0,"['Nouveau', ""Moins d'un an""]",17140.625,Nouveau,Moins d'un an
Appartements,Triangle d'Or,2500000,148.0,5.0,3.0,2.0,2.0,['Bon état'],16891.891891891893,Bon état,
Appartements,Oulfa,649000,63.0,3.0,2.0,2.0,3.0,"['Bon état', '1-5 ans']",10301.587301587302,Bon état,1-5 ans
Appartements,Bourgogne Ouest,950000,47.0,2.0,1.0,1.0,5.0,"['Bon état', '1-5 ans']",20212.76595744681,Bon état,1-5 ans
Appartements,Aïn Sebaâ,380000,49.0,5.0,3.0,2.0,2.0,"['Bon état', '5-10 ans']",7755.102040816327,Bon état,5-10 ans
Villas,Longchamps (Hay Al Hanâa),10500000,560.0,3.0,4.0,2.0,0.0,"['À rénover', '30-50 ans']",18750.0,À rénover,30-50 ans
Appartements,Bourgogne Ouest,1500000,120.0,7.0,3.0,1.0,3.0,"['Bon état', '10-20 ans']",12500.0,Bon état,10-20 ans
Appartements,Belvédère,1500000,150.0,3.0,2.0,2.0,3.0,"['Bon état', '20-30 ans']",10000.0,Bon état,20-30 ans
Appartements,Oulfa,350000,46.0,3.0,2.0,1.0,2.0,"['Bon état', '1-5 ans']",7608.695652173913,Bon état,1-5 ans
Appartements,Les Hôpitaux,3200000,281.0,5.0,3.0,2.0,5.0,"['Bon état', '20-30 ans']",11387.900355871889,Bon état,20-30 ans
Appartements,Belvédère,2400000,164.0,5.0,3.0,2.0,6.0,"['Bon état', '5-10 ans']",14634.146341463416,Bon état,5-10 ans
Appartements,Palmier,2030000,135.0,4.0,3.0,2.0,6.0,"['Bon état', '10-20 ans']",15037.037037037036,Bon état,10-20 ans
Appartements,Aïn Sebaâ,560000,60.0,3.0,2.0,1.0,2.0,"['Bon état', '5-10 ans']",9333.333333333334,Bon état,5-10 ans
Appartements,Oulfa,390000,50.0,3.0,2.0,1.0,3.0,"['Bon état', '1-5 ans']",7800.0,Bon état,1-5 ans
Appartements,Ain Diab,2650000,172.0,4.0,3.0,3.0,1.0,"['Bon état', '10-20 ans']",15406.976744186046,Bon état,10-20 ans
Appartements,Gauthier,3200000,197.0,6.0,4.0,3.0,5.0,"['Bon état', '10-20 ans']",16243.654822335026,Bon état,10-20 ans
Appartements,Belvédère,935000,85.0,3.0,2.0,2.0,3.0,"['Bon état', '5-10 ans']",11000.0,Bon état,5-10 ans
Appartements,Val Fleury,2400000,137.0,5.0,3.0,2.0,2.0,"['Bon état', '1-5 ans']",17518.24817518248,Bon état,1-5 ans
Villas,Polo,8000000,800.0,5.0,3.0,3.0,0.0,['À rénover'],10000.0,À rénover,
Villas,Ain Diab,14000000,700.0,7.0,4.0,4.0,0.0,['Bon état'],20000.0,Bon état,
Appartements,Casablanca Finance City,2350000,103.0,3.0,2.0,2.0,3.0,"['Nouveau', '1-5 ans']",22815.533980582524,Nouveau,1-5 ans
Villas,Californie,7200000,450.0,5.0,4.0,5.0,0.0,['Bon état'],16000.0,Bon état,
Villas,Californie,16000000,1040.0,8.0,5.0,6.0,0.0,['Bon état'],15384.615384615385,Bon état,
Appartements,Val Fleury,1140000,74.0,3.0,2.0,2.0,4.0,['Bon état'],15405.405405405403,Bon état,
Appartements,Hermitage,870000,56.0,2.0,1.0,2.0,4.0,"['Nouveau', ""Moins d'un an""]",15535.714285714286,Nouveau,Moins d'un an
Appartements,Les Hôpitaux,2760000,230.0,9.0,3.0,3.0,6.0,"['Bon état', '10-20 ans']",12000.0,Bon état,10-20 ans
